,pair,date,open,high,low,close,volume
0,BTC/USDT,2018-10-26,6538.63,6558.35,6463.04,6505.6,7776.907864
1,BTC/USDT,2018-10-27,6505.6,6514.17,6453.0,6489.93,5743.933728
2,BTC/USDT,2018-10-28,6489.93,6505.01,6315.0,6344.5,13827.224067
3,BTC/USDT,2018-10-29,6344.5,6395.0,6317.01,6330.87,8877.175385
4,BTC/USDT,2018-10-30,6330.01,6428.0,6245.02,6371.93,12148.888216
5,BTC/USDT,2018-10-31,6369.52,6442.65,6348.66,6410.0,9099.035841
6,BTC/USDT,2018-11-01,6410.0,6460.34,6388.2,6433.98,9739.440679
7,BTC/USDT,2018-11-02,6432.8,6439.97,6345.0,6387.09,7661.241476
8,BTC/USDT,2018-11-03,6388.0,6525.0,6359.0,6485.85,10592.394943
9,BTC/USDT,2018-11-04,6485.85,6504.39,6431.02,6468.99,8987.882156
10,BTC/USDT,2018-11-05,6468.99,6531.31,6445.18,6519.11,11926.565699
11,BTC/USDT,2018-11-06,6522.73,6615.15,6509.0,6578.46,14271.591117
12,BTC/USDT,2018-11-07,6578.46,6594.0,6468.22,6479.84,13259.789282
13,BTC/USDT,2018-11-08,6479.84,6511.53,6391.01,6419.99,11787.616583
14,BTC/USDT,2018-11-09,6419.99,6475.55,6411.0,6433.05,7714.829926
15,BTC/USDT,2018-11-10,6435.16,6462.14,6355.0,6449.81,8213.507117
16,BTC/USDT,2018-11-11,6450.71,6497.0,6421.0,6453.07,10132.782567
17,BTC/USDT,2018-11-12,6451.68,6498.0,6391.15,6457.66,11790.564933
18,BTC/USDT,2018-11-13,6458.98,6482.84,5656.87,5922.41,46478.964003
19,BTC/USDT,2018-11-14,5917.2,5939.54,5403.42,5753.4,47700.829401
20,BTC/USDT,2018-11-15,5757.09,5782.89,5549.25,5655.94,38721.802274
21,BTC/USDT,2018-11-16,5650.57,5656.6,5565.43,5628.29,26411.241413
22,BTC/USDT,2018-11-17,5630.49,5738.17,5617.0,5662.0,23844.999347
23,BTC/USDT,2018-11-18,5661.94,5664.0,4855.0,4910.03,70580.892856
24,BTC/USDT,2018-11-19,4913.4,5048.24,4326.0,4558.86,117380.95159
25,BTC/USDT,2018-11-20,4559.91,4787.2,4413.85,4661.07,61071.829475
26,BTC/USDT,2018-11-21,4661.08,4721.77,4335.0,4370.0,34531.119143
27,BTC/USDT,2018-11-22,4370.9,4484.0,4222.94,4420.61,49371.920322
28,BTC/USDT,2018-11-23,4415.63,4527.0,3824.69,3932.44,61693.111006
29,BTC/USDT,2018-11-24,3933.68,4233.0,3652.66,4085.78,101693.975588
30,BTC/USDT,2018-11-25,4088.69,4206.0,3701.0,3862.2,94503.750767
31,BTC/USDT,2018-11-26,3864.45,3940.0,3689.12,3875.21,67480.607212
32,BTC/USDT,2018-11-27,3875.63,4394.47,3874.27,4264.85,91983.567949
33,BTC/USDT,2018-11-28,4262.06,4450.38,4125.65,4295.84,73980.198669
34,BTC/USDT,2018-11-29,4295.72,4341.36,3943.0,4041.32,67758.446283
35,BTC/USDT,2018-11-30,4041.27,4299.99,3963.01,4190.02,44840.073481
36,BTC/USDT,2018-12-01,4190.98,4312.99,4103.04,4161.01,38912.15479
37,BTC/USDT,2018-12-02,4160.55,4179.0,3827.0,3884.01,49094.369163
38,BTC/USDT,2018-12-03,3884.76,4085.0,3781.0,3951.64,48489.551613
39,BTC/USDT,2018-12-04,3950.98,3970.0,3745.0,3769.84,44004.799448
40,BTC/USDT,2018-12-05,3768.44,3899.99,3500.0,3508.75,68378.796943
41,BTC/USDT,2018-12-06,3508.75,3549.99,3224.6,3403.55,95145.457442
42,BTC/USDT,2018-12-07,3403.57,3495.0,3222.0,3410.93,55365.949949
43,BTC/USDT,2018-12-08,3411.36,3658.0,3394.04,3545.37,45956.893296
44,BTC/USDT,2018-12-09,3548.49,3610.0,3370.11,3432.88,40989.244553
45,BTC/USDT,2018-12-10,3434.01,3480.0,3324.32,3380.39,35920.864154
46,BTC/USDT,2018-12-11,3379.23,3492.0,3350.0,3445.0,33922.931286
47,BTC/USDT,2018-12-12,3446.38,3460.0,3255.5,3302.06,40040.917013
48,BTC/USDT,2018-12-13,3302.06,3335.39,3177.0,3224.17,44492.983807
49,BTC/USDT,2018-12-14,3225.19,3276.5,3156.26,3211.72,29796.041436
50,BTC/USDT,2018-12-15,3211.71,3294.0,3186.0,3228.67,24628.808538
51,BTC/USDT,2018-12-16,3229.22,3585.0,3216.0,3509.08,66761.751697
52,BTC/USDT,2018-12-17,3509.03,3678.59,3424.47,3652.98,61369.615257
53,BTC/USDT,2018-12-18,3653.0,3912.73,3622.55,3662.22,94137.341014
54,BTC/USDT,2018-12-19,3660.01,4120.0,3635.0,4049.62,101543.835986
55,BTC/USDT,2018-12-20,4051.86,4139.99,3764.0,3838.66,82343.850112
56,BTC/USDT,2018-12-21,3840.25,3979.0,3785.0,3948.91,42822.350872
57,BTC/USDT,2018-12-22,3948.91,4021.53,3870.0,3929.71,40117.531529
58,BTC/USDT,2018-12-23,3929.71,4198.0,3924.83,4008.01,64647.809129
59,BTC/USDT,2018-12-24,4010.11,4020.0,3646.41,3745.79,62725.629432
60,BTC/USDT,2018-12-25,3745.56,3837.15,3656.74,3777.74,42629.375817
61,BTC/USDT,2018-12-26,3777.74,3813.98,3535.0,3567.91,44097.392912
62,BTC/USDT,2018-12-27,3567.89,3887.25,3540.04,3839.26,45964.304987
63,BTC/USDT,2018-12-28,3839.0,3892.0,3670.0,3695.32,38874.373903
64,BTC/USDT,2018-12-29,3696.71,3903.5,3657.9,3801.91,33222.369262
65,BTC/USDT,2018-12-30,3803.12,3810.0,3630.33,3702.9,29991.77835
66,BTC/USDT,2018-12-31,3701.23,3810.16,3642.0,3797.14,23741.687033
67,BTC/USDT,2019-01-01,3796.45,3882.14,3750.45,3858.56,35156.463369
68,BTC/USDT,2019-01-02,3857.57,3862.74,3730.0,3766.78,29406.948359
69,BTC/USDT,2019-01-03,3767.2,3823.64,3703.57,3792.01,29519.554671
70,BTC/USDT,2019-01-04,3790.09,3840.99,3751.0,3770.96,30490.667751
71,BTC/USDT,2019-01-05,3771.12,4027.71,3740.0,3987.6,36553.806709
72,BTC/USDT,2019-01-06,3987.62,4017.9,3921.53,3975.45,31869.846264
73,BTC/USDT,2019-01-07,3976.76,4069.8,3903.0,3955.13,38901.423122
74,BTC/USDT,2019-01-08,3955.45,4006.81,3930.04,3966.65,28989.439511
75,BTC/USDT,2019-01-09,3966.06,3996.01,3540.0,3585.88,59402.22851
76,BTC/USDT,2019-01-10,3585.88,3658.0,3465.0,3601.31,38338.654733
77,BTC/USDT,2019-01-11,3601.31,3618.19,3530.0,3583.13,21999.928354
78,BTC/USDT,2019-01-12,3584.1,3611.1,3441.3,3476.81,26385.757454
79,BTC/USDT,2019-01-13,3477.56,3671.87,3467.02,3626.09,35235.211215
80,BTC/USDT,2019-01-14,3626.08,3648.42,3516.62,3553.06,34137.997459
81,BTC/USDT,2019-01-15,3553.06,3645.0,3543.51,3591.84,27480.179977
82,BTC/USDT,2019-01-16,3591.84,3634.7,3530.39,3616.21,29755.440838
83,BTC/USDT,2019-01-17,3613.32,3620.0,3565.75,3594.87,22713.446755
84,BTC/USDT,2019-01-18,3594.87,3720.0,3594.23,3665.3,22171.578123
85,BTC/USDT,2019-01-19,3665.75,3693.73,3475.0,3539.28,27901.938598
86,BTC/USDT,2019-01-20,3539.26,3559.51,3475.5,3526.9,19644.436839
87,BTC/USDT,2019-01-21,3526.88,3608.5,3434.85,3570.93,29336.442967
88,BTC/USDT,2019-01-22,3570.41,3607.98,3514.5,3552.82,24938.842698
89,BTC/USDT,2019-01-23,3552.97,3589.0,3529.22,3569.62,20826.25118
90,BTC/USDT,2019-01-24,3569.07,3587.15,3522.51,3565.29,17608.346671
91,BTC/USDT,2019-01-25,3566.69,3662.94,3545.0,3565.25,19476.532344
92,BTC/USDT,2019-01-26,3565.62,3579.0,3486.0,3550.84,22735.598162
93,BTC/USDT,2019-01-27,3550.05,3557.75,3380.27,3434.15,40405.111401
94,BTC/USDT,2019-01-28,3434.0,3443.45,3349.92,3411.04,29544.928977
95,BTC/USDT,2019-01-29,3410.04,3478.0,3387.1,3458.18,23968.260243
96,BTC/USDT,2019-01-30,3457.5,3489.2,3418.8,3434.1,29607.190253
97,BTC/USDT,2019-01-31,3434.1,3488.0,3401.2,3462.07,25260.476159
98,BTC/USDT,2019-02-01,3462.2,3526.4,3440.29,3504.77,17920.802
99,BTC/USDT,2019-02-02,3504.06,3511.09,3426.0,3458.11,19867.33639
100,BTC/USDT,2019-02-03,3458.11,3484.88,3433.31,3463.22,23131.981108
101,BTC/USDT,2019-02-04,3463.22,3478.97,3448.43,3471.59,25264.41503
102,BTC/USDT,2019-02-05,3471.57,3482.72,3380.0,3405.37,35310.244846
103,BTC/USDT,2019-02-06,3407.0,3426.45,3390.0,3398.4,18665.538638
104,BTC/USDT,2019-02-07,3398.4,3733.58,3373.1,3659.04,47968.058013
105,BTC/USDT,2019-02-08,3660.27,3680.02,3625.13,3665.18,24759.833719
106,BTC/USDT,2019-02-09,3665.18,3684.99,3609.76,3680.06,23250.602634
107,BTC/USDT,2019-02-10,3679.75,3684.9,3615.53,3631.05,24954.614571
108,BTC/USDT,2019-02-11,3631.05,3667.6,3582.34,3631.46,29479.59823
109,BTC/USDT,2019-02-12,3631.51,3670.0,3591.75,3609.4,25773.997648
110,BTC/USDT,2019-02-13,3608.34,3626.4,3568.11,3590.56,21753.501261
111,BTC/USDT,2019-02-14,3590.57,3653.23,3573.45,3602.47,20777.872899
112,BTC/USDT,2019-02-15,3602.49,3648.2,3597.91,3618.41,19565.992751
113,BTC/USDT,2019-02-16,3617.22,3700.11,3604.4,3667.58,25690.227779
114,BTC/USDT,2019-02-17,3667.62,3925.0,3655.0,3898.6,64042.730492
115,BTC/USDT,2019-02-18,3897.35,3994.52,3856.0,3907.79,50207.172667
116,BTC/USDT,2019-02-19,3907.35,3986.98,3870.66,3969.74,36205.14085
117,BTC/USDT,2019-02-20,3969.74,4016.48,3901.03,3937.31,31103.884728
118,BTC/USDT,2019-02-21,3937.31,3988.0,3926.65,3962.0,23943.16375
119,BTC/USDT,2019-02-22,3962.0,4162.02,3933.15,4117.76,33657.942883
120,BTC/USDT,2019-02-23,4118.0,4198.0,3712.66,3743.56,62224.18689
121,BTC/USDT,2019-02-24,3743.56,3872.66,3740.0,3827.92,38102.966245
122,BTC/USDT,2019-02-25,3828.44,3841.51,3777.0,3809.23,28838.748036
123,BTC/USDT,2019-02-26,3809.31,3838.85,3677.17,3818.07,31500.995466
124,BTC/USDT,2019-02-27,3818.04,3888.0,3763.87,3813.69,32561.961044
125,BTC/USDT,2019-02-28,3814.26,3857.0,3813.01,3823.0,23174.57217
126,BTC/USDT,2019-03-01,3822.17,3841.31,3772.25,3819.93,19445.838355
127,BTC/USDT,2019-03-02,3819.97,3835.0,3781.32,3807.75,16718.16541
128,BTC/USDT,2019-03-03,3807.32,3830.0,3670.69,3715.3,34742.84166
129,BTC/USDT,2019-03-04,3716.1,3877.1,3703.55,3857.73,32962.536162
130,BTC/USDT,2019-03-05,3857.58,3907.0,3813.09,3861.84,24775.11883
131,BTC/USDT,2019-03-06,3861.84,3905.4,3840.4,3873.64,26455.257661
132,BTC/USDT,2019-03-07,3873.63,3932.0,3800.0,3864.89,34730.366592
133,BTC/USDT,2019-03-08,3864.88,3971.75,3854.75,3943.04,30979.747653
134,BTC/USDT,2019-03-09,3943.43,3943.43,3881.69,3916.82,23187.561412
135,BTC/USDT,2019-03-10,3915.99,3936.98,3830.0,3871.61,38066.885705
136,BTC/USDT,2019-03-11,3871.61,3905.2,3826.06,3882.73,26921.008622
137,BTC/USDT,2019-03-12,3882.69,3893.56,3840.0,3866.0,24461.008757
138,BTC/USDT,2019-03-13,3866.0,3920.0,3810.43,3877.12,27048.74853
139,BTC/USDT,2019-03-14,3877.12,3939.22,3872.2,3923.76,21740.061498
140,BTC/USDT,2019-03-15,3924.46,4056.98,3921.98,4005.98,28568.376124
141,BTC/USDT,2019-03-16,4005.98,4012.0,3950.01,3981.14,18814.255577
142,BTC/USDT,2019-03-17,3981.85,4037.0,3953.33,3987.81,22454.47801
143,BTC/USDT,2019-03-18,3987.83,4031.0,3970.0,4015.53,19893.741815
144,BTC/USDT,2019-03-19,4017.48,4050.0,3980.5,4043.04,23432.300255
145,BTC/USDT,2019-03-20,4043.04,4069.32,3880.01,3980.64,35997.682119
146,BTC/USDT,2019-03-21,3980.85,4008.0,3968.25,3986.93,20022.606318
147,BTC/USDT,2019-03-22,3987.89,4018.83,3978.01,4006.01,17302.604318
148,BTC/USDT,2019-03-23,4006.01,4006.02,3950.0,3992.18,17179.850648
149,BTC/USDT,2019-03-24,3991.35,3999.3,3888.71,3936.12,33192.890217
150,BTC/USDT,2019-03-25,3935.47,3958.98,3894.0,3948.55,29349.537627
151,BTC/USDT,2019-03-26,3948.77,4048.0,3936.15,4038.05,32364.555852
152,BTC/USDT,2019-03-27,4039.58,4039.7,4002.0,4027.81,20089.293875
153,BTC/USDT,2019-03-28,4028.22,4123.71,4024.03,4103.25,30084.217444
154,BTC/USDT,2019-03-29,4104.24,4140.0,4052.0,4106.97,19509.292601
155,BTC/USDT,2019-03-30,4106.99,4116.12,4082.57,4103.95,13525.087433
156,BTC/USDT,2019-03-31,4102.44,4158.7,4067.0,4144.56,25507.067641
157,BTC/USDT,2019-04-01,4144.54,4897.99,4140.54,4857.29,105383.639263
158,BTC/USDT,2019-04-02,4857.19,5275.01,4753.5,4932.6,109890.125743
159,BTC/USDT,2019-04-03,4932.59,5039.08,4777.0,4898.66,61054.254168
160,BTC/USDT,2019-04-04,4898.64,5028.22,4880.62,5004.95,39768.552806
161,BTC/USDT,2019-04-05,5004.96,5205.0,4928.59,5043.89,41770.842313
162,BTC/USDT,2019-04-06,5042.07,5234.0,5026.0,5170.27,37615.486804
163,BTC/USDT,2019-04-07,5170.27,5305.0,5039.0,5236.9,50178.430782
164,BTC/USDT,2019-04-08,5238.38,5238.4,5076.68,5150.0,34067.012311
165,BTC/USDT,2019-04-09,5150.0,5422.0,5135.0,5308.25,40073.620471
166,BTC/USDT,2019-04-10,5307.86,5332.67,4927.0,5017.37,54696.600686
167,BTC/USDT,2019-04-11,5017.37,5080.58,4861.22,5048.01,33276.678614
168,BTC/USDT,2019-04-12,5047.0,5099.0,5004.0,5045.22,17292.456802
169,BTC/USDT,2019-04-13,5047.45,5152.99,5000.0,5131.3,18281.607739
170,BTC/USDT,2019-04-14,5131.28,5167.38,4950.0,5024.95,29057.191581
171,BTC/USDT,2019-04-15,5024.95,5197.72,5003.94,5173.72,24242.229493
172,BTC/USDT,2019-04-16,5173.72,5230.4,5146.8,5202.82,23307.536134
173,BTC/USDT,2019-04-17,5202.41,5287.0,5198.8,5258.44,22619.239001
174,BTC/USDT,2019-04-18,5258.44,5320.0,5175.0,5258.68,24611.236323
175,BTC/USDT,2019-04-19,5258.68,5333.42,5230.1,5291.73,19168.908274
176,BTC/USDT,2019-04-20,5292.91,5314.35,5165.0,5256.14,25549.570939
177,BTC/USDT,2019-04-21,5257.41,5400.0,5208.35,5357.14,29563.852309
178,BTC/USDT,2019-04-22,5357.14,5600.0,5332.41,5493.31,41262.103917
179,BTC/USDT,2019-04-23,5490.91,5582.2,5333.35,5415.0,48224.152413
180,BTC/USDT,2019-04-24,5415.0,5491.84,5102.0,5219.9,49636.089948
181,BTC/USDT,2019-04-25,5220.47,5510.0,5161.62,5314.1,48912.294513
182,BTC/USDT,2019-04-26,5315.0,5342.5,5257.67,5295.69,15422.896935
183,BTC/USDT,2019-04-27,5295.69,5340.0,5259.48,5307.52,14371.433869
184,BTC/USDT,2019-04-28,5309.81,5332.0,5178.8,5238.14,19918.135079
185,BTC/USDT,2019-04-29,5238.14,5339.98,5192.15,5320.81,22238.06823
186,BTC/USDT,2019-04-30,5321.94,5402.0,5316.2,5383.2,17217.473216
187,BTC/USDT,2019-05-01,5383.2,5538.0,5370.0,5492.87,22795.787835
188,BTC/USDT,2019-05-02,5494.81,5844.0,5477.57,5772.69,46297.172849
189,BTC/USDT,2019-05-03,5770.62,5900.0,5587.45,5829.45,39682.408991
190,BTC/USDT,2019-05-04,5829.83,5839.9,5696.0,5775.62,23822.543775
191,BTC/USDT,2019-05-05,5773.18,5805.0,5619.14,5747.79,25256.596325
192,BTC/USDT,2019-05-06,5749.92,6028.41,5747.74,5846.34,39905.064422
193,BTC/USDT,2019-05-07,5846.34,6014.72,5772.2,5987.29,23074.05152
194,BTC/USDT,2019-05-08,5986.66,6224.55,5983.71,6209.18,27453.011436
195,BTC/USDT,2019-05-09,6209.95,6468.92,6172.0,6373.33,36623.61079
196,BTC/USDT,2019-05-10,6375.16,7343.99,6372.85,7076.22,74022.424393
197,BTC/USDT,2019-05-11,7076.24,7521.78,6750.0,6967.31,86948.975339
198,BTC/USDT,2019-05-12,6968.24,8100.0,6870.0,7790.71,85804.735333
199,BTC/USDT,2019-05-13,7795.62,8366.0,7599.56,7947.56,76583.722603
200,BTC/USDT,2019-05-14,7945.26,8249.0,7850.0,8169.87,37884.327211
201,BTC/USDT,2019-05-15,8169.08,8320.0,7705.0,7866.59,69630.513996
202,BTC/USDT,2019-05-16,7868.67,7925.0,6913.0,7355.26,88752.008159
203,BTC/USDT,2019-05-17,7355.28,7458.0,7156.61,7257.45,37054.944779
204,BTC/USDT,2019-05-18,7257.32,8275.09,7243.08,8148.48,65577.442058
205,BTC/USDT,2019-05-19,8147.94,8156.03,7553.0,7938.15,65859.208564
206,BTC/USDT,2019-05-20,7937.16,8042.32,7771.0,7904.87,52301.752247
207,BTC/USDT,2019-05-21,7904.48,8016.0,7465.0,7628.43,49136.994589
208,BTC/USDT,2019-05-22,7627.8,7940.98,7461.0,7851.51,49648.184701
209,BTC/USDT,2019-05-23,7849.95,8130.0,7766.0,7964.87,46664.785325
210,BTC/USDT,2019-05-24,7964.52,8091.8,7908.34,8025.41,28414.328817
211,BTC/USDT,2019-05-25,8023.0,8740.0,7833.42,8614.43,49652.144567
212,BTC/USDT,2019-05-26,8612.54,8908.32,8589.0,8756.32,51886.768793
213,BTC/USDT,2019-05-27,8752.52,8798.49,8510.63,8715.64,31470.551534
214,BTC/USDT,2019-05-28,8716.87,8750.0,8406.6,8645.68,33880.865922
215,BTC/USDT,2019-05-29,8646.5,9074.26,8005.0,8269.54,70379.998521
216,BTC/USDT,2019-05-30,8267.1,8594.0,8108.5,8555.0,44727.49162
217,BTC/USDT,2019-05-31,8555.0,8626.0,8442.36,8544.07,31868.234157
218,BTC/USDT,2019-06-01,8545.1,8814.78,8524.0,8725.98,27835.133265
219,BTC/USDT,2019-06-02,8726.0,8800.95,8080.8,8115.82,45692.965104
220,BTC/USDT,2019-06-03,8115.66,8115.66,7481.02,7687.03,74143.948941
221,BTC/USDT,2019-06-04,7687.04,7896.7,7572.78,7776.5,48679.656455
222,BTC/USDT,2019-06-05,7778.08,7868.13,7444.58,7786.7,36624.118747
223,BTC/USDT,2019-06-06,7787.57,8100.0,7737.49,7980.53,33942.225658
224,BTC/USDT,2019-06-07,7978.94,8044.65,7751.0,7893.62,22657.329634
225,BTC/USDT,2019-06-08,7895.28,7935.0,7506.66,7628.13,31568.465157
226,BTC/USDT,2019-06-09,7627.57,8020.0,7511.0,7982.75,36756.078468
227,BTC/USDT,2019-06-10,7981.0,8010.0,7692.23,7884.9,30334.999427
228,BTC/USDT,2019-06-11,7884.9,8200.0,7788.99,8127.64,41597.082622
229,BTC/USDT,2019-06-12,8127.64,8309.82,8010.03,8218.54,30467.764341
230,BTC/USDT,2019-06-13,8216.44,8684.41,8144.32,8650.0,39835.246255
231,BTC/USDT,2019-06-14,8650.88,8864.99,8567.63,8808.7,31791.636039
232,BTC/USDT,2019-06-15,8810.77,9333.0,8760.0,8953.33,63289.251219
233,BTC/USDT,2019-06-16,8953.0,9444.0,8950.0,9313.96,47895.485374
234,BTC/USDT,2019-06-17,9312.13,9336.36,8950.0,9081.55,51554.569401
235,BTC/USDT,2019-06-18,9081.97,9304.0,8960.0,9255.49,32147.706495
236,BTC/USDT,2019-06-19,9253.76,9590.0,9175.2,9517.12,34556.053982
237,BTC/USDT,2019-06-20,9518.06,10174.99,9518.06,10159.86,50484.415892
238,BTC/USDT,2019-06-21,10159.86,11160.0,9921.72,10729.5,104169.447976
239,BTC/USDT,2019-06-22,10729.0,11392.64,10555.18,10906.07,57445.323945
240,BTC/USDT,2019-06-23,10905.95,11143.63,10620.8,11056.59,43101.045285
241,BTC/USDT,2019-06-24,11056.59,11850.0,11026.0,11820.86,61276.686648
242,BTC/USDT,2019-06-25,11821.28,13970.0,11741.0,13093.8,155930.147386
243,BTC/USDT,2019-06-26,13098.38,13478.04,10525.1,11329.99,173894.820889
244,BTC/USDT,2019-06-27,11329.99,12480.0,10982.88,12400.63,95795.203964
245,BTC/USDT,2019-06-28,12407.06,12441.54,11475.02,11903.13,69642.074157
246,BTC/USDT,2019-06-29,11903.13,12180.0,10766.03,10854.1,84512.530443
247,BTC/USDT,2019-06-30,10854.1,11282.28,10030.0,10624.93,90962.268271
248,BTC/USDT,2019-07-01,10624.9,10938.75,9727.0,10842.85,109561.038728
249,BTC/USDT,2019-07-02,10844.98,11991.89,10841.04,11940.0,96815.90029
250,BTC/USDT,2019-07-03,11940.0,12000.0,11055.0,11145.67,66512.221892
251,BTC/USDT,2019-07-04,11145.67,11406.83,10796.44,10970.73,63534.350582
252,BTC/USDT,2019-07-05,10982.41,11665.0,10964.51,11256.49,51469.496331
253,BTC/USDT,2019-07-06,11256.45,11538.0,11094.37,11406.24,38884.795599
254,BTC/USDT,2019-07-07,11410.0,12338.03,11220.0,12238.6,52182.367215
255,BTC/USDT,2019-07-08,12238.6,12794.73,12068.0,12543.41,78442.130343
256,BTC/USDT,2019-07-09,12548.51,13147.08,11569.0,12108.37,109246.044997
257,BTC/USDT,2019-07-10,12108.11,12111.73,11000.0,11342.89,87506.461058
258,BTC/USDT,2019-07-11,11342.88,11885.0,11073.0,11757.22,56321.858281
259,BTC/USDT,2019-07-12,11757.22,11799.98,10830.0,11355.76,54245.594548
260,BTC/USDT,2019-07-13,11355.78,11452.0,10103.0,10174.18,72517.579236
261,BTC/USDT,2019-07-14,10174.18,11100.0,9860.0,10838.72,81922.426332
262,BTC/USDT,2019-07-15,10833.78,11028.0,9350.01,9439.59,97219.443413
263,BTC/USDT,2019-07-16,9430.17,9957.0,9060.0,9667.92,84942.672717
264,BTC/USDT,2019-07-17,9668.86,10788.0,9252.0,10627.16,80283.310252
265,BTC/USDT,2019-07-18,10628.64,10769.71,10121.84,10504.29,56546.932133
266,BTC/USDT,2019-07-19,10505.78,11068.99,10350.0,10740.23,47331.899848
267,BTC/USDT,2019-07-20,10740.27,10817.9,10288.0,10589.45,38834.287935
268,BTC/USDT,2019-07-21,10590.15,10683.16,10100.0,10340.31,40467.954839
269,BTC/USDT,2019-07-22,10343.08,10343.97,9822.0,9864.91,47624.37071
270,BTC/USDT,2019-07-23,9864.78,9937.0,9525.0,9763.28,43475.380377
271,BTC/USDT,2019-07-24,9763.4,10175.0,9720.03,9879.87,37873.354728
272,BTC/USDT,2019-07-25,9882.15,9889.98,9637.0,9824.0,27167.463217
273,BTC/USDT,2019-07-26,9824.0,10188.66,9333.0,9476.52,43809.778301
274,BTC/USDT,2019-07-27,9478.92,9594.99,9165.0,9541.54,29401.022937
275,BTC/USDT,2019-07-28,9541.54,9729.0,9395.0,9507.64,29021.937411
276,BTC/USDT,2019-07-29,9509.07,9714.28,9402.0,9574.21,32536.368834
277,BTC/USDT,2019-07-30,9575.0,10109.8,9555.0,10080.53,39515.35456
278,BTC/USDT,2019-07-31,10080.53,10467.86,9863.46,10374.99,41727.637028
279,BTC/USDT,2019-08-01,10375.0,10670.0,10281.35,10523.75,42990.444221
280,BTC/USDT,2019-08-02,10523.75,10904.77,10497.93,10816.86,33802.318824
281,BTC/USDT,2019-08-03,10816.86,11040.0,10552.0,10929.23,39924.745141
282,BTC/USDT,2019-08-04,10929.99,11937.52,10927.8,11828.8,65153.673713
283,BTC/USDT,2019-08-05,11830.0,12330.7,11226.7,11481.69,76705.389875
284,BTC/USDT,2019-08-06,11481.69,12141.17,11382.84,11975.03,69173.390353
285,BTC/USDT,2019-08-07,11975.04,12060.0,11521.0,11999.77,51207.257174
286,BTC/USDT,2019-08-08,11994.17,12045.68,11700.0,11879.99,39427.152588
287,BTC/USDT,2019-08-09,11879.98,11985.0,11270.0,11309.31,42633.087048
288,BTC/USDT,2019-08-10,11309.24,11600.0,11112.11,11549.97,26772.90691
289,BTC/USDT,2019-08-11,11539.08,11577.89,11235.32,11396.08,17568.227075
290,BTC/USDT,2019-08-12,11398.35,11456.16,10788.45,10892.71,33234.72968
291,BTC/USDT,2019-08-13,10893.36,10897.48,9928.1,10050.37,54451.847499
292,BTC/USDT,2019-08-14,10055.16,10460.0,9911.0,10293.93,38174.45112
293,BTC/USDT,2019-08-15,10296.77,10536.03,9750.0,10331.54,51758.142918
294,BTC/USDT,2019-08-16,10331.15,10465.14,10000.0,10216.02,29000.581201
295,BTC/USDT,2019-08-17,10216.05,10500.0,10080.0,10306.78,24085.395172
296,BTC/USDT,2019-08-18,10306.17,10930.0,10258.6,10915.54,37243.319217
297,BTC/USDT,2019-08-19,10914.73,10949.96,10560.0,10760.51,32298.921679
298,BTC/USDT,2019-08-20,10760.51,10804.13,9858.0,10142.57,47355.719282
299,BTC/USDT,2019-08-21,10140.82,10242.0,9762.0,10099.88,34059.642738
300,BTC/USDT,2019-08-22,10099.9,10445.0,10019.79,10389.55,27550.336173
301,BTC/USDT,2019-08-23,10388.16,10419.42,9890.0,10134.35,27692.456844
302,BTC/USDT,2019-08-24,10134.61,10333.0,9906.97,10142.69,26271.657398
303,BTC/USDT,2019-08-25,10142.69,10604.0,10137.93,10372.25,41687.511599
304,BTC/USDT,2019-08-26,10373.6,10391.08,10051.08,10185.05,28402.775383
305,BTC/USDT,2019-08-27,10185.69,10299.0,9601.01,9721.0,42110.555375
306,BTC/USDT,2019-08-28,9721.0,9724.0,9320.0,9498.44,35532.69491
307,BTC/USDT,2019-08-29,9499.01,9696.0,9350.41,9584.54,26834.318104
308,BTC/USDT,2019-08-30,9582.76,9684.51,9420.75,9587.47,17130.290074
309,BTC/USDT,2019-08-31,9588.74,9830.0,9520.0,9724.98,19545.404843
310,BTC/USDT,2019-09-01,9723.59,10450.0,9712.5,10340.0,44740.248093
311,BTC/USDT,2019-09-02,10340.0,10773.0,10272.0,10615.28,47998.376781
312,BTC/USDT,2019-09-03,10611.85,10799.0,10369.89,10567.02,43943.889026
313,BTC/USDT,2019-09-04,10565.92,10900.0,10450.0,10564.49,33970.960639
314,BTC/USDT,2019-09-05,10563.13,10905.87,10150.0,10298.73,58799.640959
315,BTC/USDT,2019-09-06,10298.71,10558.0,10288.57,10455.88,27637.877392
316,BTC/USDT,2019-09-07,10455.9,10592.5,10208.0,10381.18,23984.672018
317,BTC/USDT,2019-09-08,10381.24,10480.0,10068.5,10303.12,39835.727608
318,BTC/USDT,2019-09-09,10302.58,10384.99,9953.0,10098.15,28915.412225
319,BTC/USDT,2019-09-10,10098.19,10293.0,9880.0,10158.33,31953.824562
320,BTC/USDT,2019-09-11,10158.75,10448.81,10040.0,10415.01,34511.162755
321,BTC/USDT,2019-09-12,10415.01,10439.0,10153.0,10342.06,30280.339776
322,BTC/USDT,2019-09-13,10344.13,10419.99,10222.33,10335.02,23621.533519
323,BTC/USDT,2019-09-14,10332.81,10360.0,10252.15,10302.01,18047.654013
324,BTC/USDT,2019-09-15,10303.34,10355.0,10078.0,10251.31,28971.401657
325,BTC/USDT,2019-09-16,10249.68,10275.0,10128.01,10187.82,22914.324563
326,BTC/USDT,2019-09-17,10187.48,10258.02,10100.0,10156.99,24250.249303
327,BTC/USDT,2019-09-18,10156.41,10325.0,9653.0,10244.29,44826.282579
328,BTC/USDT,2019-09-19,10243.7,10281.0,10061.39,10168.59,25088.491069
329,BTC/USDT,2019-09-20,10167.92,10176.7,9900.0,9986.39,20544.175196
330,BTC/USDT,2019-09-21,9985.15,10089.0,9853.97,10028.87,22049.275256
331,BTC/USDT,2019-09-22,10028.05,10049.99,9615.77,9702.25,31937.232356
332,BTC/USDT,2019-09-23,9702.2,9794.99,7800.0,8493.14,94007.345203
333,BTC/USDT,2019-09-24,8497.55,8730.0,8215.64,8430.05,60783.892258
334,BTC/USDT,2019-09-25,8430.05,8465.99,7750.0,8063.73,67930.853749
335,BTC/USDT,2019-09-26,8063.49,8265.0,7852.15,8177.91,43882.924625
336,BTC/USDT,2019-09-27,8177.47,8315.0,8001.09,8198.81,34473.605165
337,BTC/USDT,2019-09-28,8199.38,8229.13,7890.0,8043.82,31544.211388
338,BTC/USDT,2019-09-29,8043.04,8337.26,7710.0,8289.34,55865.48726
339,BTC/USDT,2019-09-30,8289.97,8500.0,8173.05,8292.44,43472.418091
340,BTC/USDT,2019-10-01,8292.67,8373.91,8151.22,8359.94,26243.386644
341,BTC/USDT,2019-10-02,8360.0,8393.0,8060.0,8223.96,30488.284058
342,BTC/USDT,2019-10-03,8224.43,8232.41,8005.0,8137.13,26476.330404
343,BTC/USDT,2019-10-04,8137.09,8183.41,8012.98,8126.19,21907.615564
344,BTC/USDT,2019-10-05,8127.55,8153.87,7785.0,7854.25,34676.104049
345,BTC/USDT,2019-10-06,7855.3,8299.92,7762.0,8190.09,52202.072297
346,BTC/USDT,2019-10-07,8190.82,8325.0,8088.75,8168.39,35452.657423
347,BTC/USDT,2019-10-08,8170.79,8670.0,8115.0,8560.74,55038.704378
348,BTC/USDT,2019-10-09,8562.15,8644.0,8414.52,8558.03,39137.946167
349,BTC/USDT,2019-10-10,8557.82,8779.51,8212.38,8258.5,50405.284418
350,BTC/USDT,2019-10-11,8257.95,8400.0,8250.0,8300.09,21339.334098
351,BTC/USDT,2019-10-12,8301.98,8451.37,8160.0,8275.01,27840.739953
352,BTC/USDT,2019-10-13,8275.24,8388.85,8203.0,8348.2,29810.663253
353,BTC/USDT,2019-10-14,8346.86,8403.0,8090.0,8159.29,32773.062476
354,BTC/USDT,2019-10-15,8159.3,8181.16,7917.0,7991.74,34733.593966
355,BTC/USDT,2019-10-16,7995.02,8124.92,7929.03,8070.58,29656.949158
356,BTC/USDT,2019-10-17,8070.71,8115.0,7816.01,7947.01,31353.181416
357,BTC/USDT,2019-10-18,7946.89,8098.1,7866.92,7948.01,26627.889388
358,BTC/USDT,2019-10-19,7949.87,8297.0,7870.0,8223.35,34286.452654
359,BTC/USDT,2019-10-20,8223.35,8333.0,8142.03,8197.27,30448.679539
360,BTC/USDT,2019-10-21,8197.28,8297.99,8000.0,8020.0,34651.828663
361,BTC/USDT,2019-10-22,8020.06,8047.59,7300.0,7466.62,63897.457098
362,BTC/USDT,2019-10-23,7468.47,7503.68,7337.99,7412.41,32714.383265
363,BTC/USDT,2019-10-24,7412.41,8799.0,7361.0,8655.02,90748.218174
364,BTC/USDT,2019-10-25,8655.88,10370.0,8470.38,9230.0,162588.585413
365,BTC/USDT,2019-10-26,9230.0,9794.98,9074.34,9529.93,93833.541604
366,BTC/USDT,2019-10-27,9528.23,9902.1,9160.0,9205.14,80174.217323
367,BTC/USDT,2019-10-28,9204.45,9550.0,9072.0,9407.62,64158.462446
368,BTC/USDT,2019-10-29,9407.62,9409.84,9001.01,9154.72,55241.786434
369,BTC/USDT,2019-10-30,9154.02,9405.0,8913.0,9140.85,54376.024902
370,BTC/USDT,2019-10-31,9140.86,9279.0,9030.0,9231.61,43594.814115
371,BTC/USDT,2019-11-01,9231.4,9373.74,9186.21,9289.52,28923.060828
372,BTC/USDT,2019-11-02,9289.85,9362.57,9066.14,9194.71,27894.378279
373,BTC/USDT,2019-11-03,9196.46,9513.68,9115.84,9393.35,45894.456277
374,BTC/USDT,2019-11-04,9392.4,9454.95,9175.76,9308.66,45935.873665
375,BTC/USDT,2019-11-05,9307.73,9440.91,9250.01,9339.05,37336.170372
376,BTC/USDT,2019-11-06,9339.16,9375.0,9101.0,9216.2,39117.470853
377,BTC/USDT,2019-11-07,9214.0,9261.0,8696.0,8773.73,62107.289243
378,BTC/USDT,2019-11-08,8773.74,8880.0,8724.88,8809.41,29469.481405
379,BTC/USDT,2019-11-09,8809.18,9147.19,8750.0,9039.47,34422.029797
380,BTC/USDT,2019-11-10,9040.16,9072.32,8618.68,8733.27,44888.053545
381,BTC/USDT,2019-11-11,8733.36,8888.0,8567.6,8821.94,40366.629471
382,BTC/USDT,2019-11-12,8821.91,8844.99,8702.0,8777.12,26810.116918
383,BTC/USDT,2019-11-13,8777.54,8800.0,8582.6,8646.68,33468.468961
384,BTC/USDT,2019-11-14,8646.38,8790.0,8400.0,8471.73,46087.417751
385,BTC/USDT,2019-11-15,8471.62,8543.0,8400.0,8491.02,20902.299752
386,BTC/USDT,2019-11-16,8490.74,8635.0,8350.68,8502.4,27009.037082
387,BTC/USDT,2019-11-17,8502.87,8503.52,8060.0,8187.17,43017.69094
388,BTC/USDT,2019-11-18,8186.5,8218.63,8003.0,8133.64,43556.061025
389,BTC/USDT,2019-11-19,8133.83,8264.29,8038.4,8098.01,32466.23098
390,BTC/USDT,2019-11-20,8098.56,8134.73,7500.0,7627.74,58418.780261
391,BTC/USDT,2019-11-21,7627.79,7750.0,6790.0,7268.23,126603.140259
392,BTC/USDT,2019-11-22,7268.23,7344.48,7080.01,7311.57,50449.894755
393,BTC/USDT,2019-11-23,7311.1,7330.39,6861.0,6903.28,67890.206483
394,BTC/USDT,2019-11-24,6900.23,7377.69,6515.0,7109.57,119645.735197
395,BTC/USDT,2019-11-25,7109.99,7340.0,7017.48,7156.14,65722.39769
396,BTC/USDT,2019-11-26,7154.75,7655.0,6840.0,7508.52,92452.87349
397,BTC/USDT,2019-11-27,7507.9,7643.0,7360.0,7419.49,56933.981109
398,BTC/USDT,2019-11-28,7418.52,7850.0,7362.3,7739.68,60745.300873
399,BTC/USDT,2019-11-29,7740.99,7810.0,7441.0,7541.89,46989.433619
400,BTC/USDT,2019-11-30,7540.63,7541.85,7210.0,7390.89,60769.342313
401,BTC/USDT,2019-12-01,7391.5,7420.56,7151.1,7294.28,46330.25604
402,BTC/USDT,2019-12-02,7294.42,7400.0,7241.35,7292.71,33149.477487
403,BTC/USDT,2019-12-03,7292.71,7750.0,7067.0,7194.32,83147.149142
404,BTC/USDT,2019-12-04,7194.59,7485.0,7150.0,7389.0,59306.678855
405,BTC/USDT,2019-12-05,7389.0,7590.03,7305.0,7527.47,48189.087944
406,BTC/USDT,2019-12-06,7527.8,7619.62,7470.16,7488.21,31498.684173
407,BTC/USDT,2019-12-07,7487.31,7564.0,7374.86,7510.11,29856.897631
408,BTC/USDT,2019-12-08,7510.11,7650.0,7273.0,7338.64,46621.887493
409,BTC/USDT,2019-12-09,7338.64,7407.6,7157.1,7224.13,49723.76214
410,BTC/USDT,2019-12-10,7224.15,7275.5,7125.66,7210.0,30093.091944
411,BTC/USDT,2019-12-11,7210.0,7295.0,7080.3,7198.08,42288.600932
412,BTC/USDT,2019-12-12,7197.76,7309.05,7190.76,7258.48,27609.873795
413,BTC/USDT,2019-12-13,7257.37,7271.77,7012.0,7064.05,29561.985967
414,BTC/USDT,2019-12-14,7064.14,7200.3,7008.35,7118.59,26395.778137
415,BTC/USDT,2019-12-15,7119.6,7150.0,6836.0,6891.72,43863.993059
416,BTC/USDT,2019-12-16,6891.44,6942.21,6560.0,6623.82,53865.069929
417,BTC/USDT,2019-12-17,6623.84,7440.0,6435.0,7277.83,95636.651251
418,BTC/USDT,2019-12-18,7277.83,7380.0,7038.31,7150.3,55509.049075
419,BTC/USDT,2019-12-19,7151.31,7220.0,7079.5,7187.83,32132.069205
420,BTC/USDT,2019-12-20,7188.01,7190.58,7105.0,7132.75,19467.174028
421,BTC/USDT,2019-12-21,7131.59,7518.54,7122.47,7501.44,39137.45515
422,BTC/USDT,2019-12-22,7500.71,7695.38,7265.84,7317.09,68051.997203
423,BTC/USDT,2019-12-23,7317.3,7436.68,7157.04,7255.77,43629.494188
424,BTC/USDT,2019-12-24,7255.77,7271.77,7128.86,7204.63,27492.044323
425,BTC/USDT,2019-12-25,7205.01,7435.0,7157.12,7202.0,36259.761076
426,BTC/USDT,2019-12-26,7202.0,7275.86,7076.42,7254.74,33642.701861
427,BTC/USDT,2019-12-27,7254.77,7365.01,7238.67,7316.14,26848.982199
428,BTC/USDT,2019-12-28,7315.36,7528.45,7288.0,7388.24,31387.106085
429,BTC/USDT,2019-12-29,7388.43,7408.24,7220.0,7246.0,29605.911782
430,BTC/USDT,2019-12-30,7246.0,7320.0,7145.01,7195.23,25954.453533
431,BTC/USDT,2019-12-31,7195.24,7255.0,7175.15,7200.85,16792.388165
432,BTC/USDT,2020-01-01,7200.77,7212.5,6924.74,6965.71,31951.483932
433,BTC/USDT,2020-01-02,6965.49,7405.0,6871.04,7344.96,68428.500451
434,BTC/USDT,2020-01-03,7345.0,7404.0,7272.21,7354.11,29987.974977
435,BTC/USDT,2020-01-04,7354.19,7495.0,7318.0,7358.75,38331.085604
436,BTC/USDT,2020-01-05,7357.64,7795.34,7346.76,7758.0,54635.695316
437,BTC/USDT,2020-01-06,7758.9,8207.68,7723.71,8145.28,91171.684661
438,BTC/USDT,2020-01-07,8145.92,8455.0,7870.0,8055.98,112622.64264
439,BTC/USDT,2020-01-08,8054.72,8055.96,7750.0,7817.76,64239.51983
440,BTC/USDT,2020-01-09,7817.74,8199.0,7672.0,8197.02,82406.777448
441,BTC/USDT,2020-01-10,8198.86,8286.34,8003.16,8020.01,54810.032667
442,BTC/USDT,2020-01-11,8020.01,8197.0,7960.0,8184.98,38131.494336
443,BTC/USDT,2020-01-12,8184.97,8196.0,8055.89,8110.34,31159.755683
444,BTC/USDT,2020-01-13,8110.34,8880.0,8105.54,8810.01,120399.126742
445,BTC/USDT,2020-01-14,8814.64,8916.48,8564.0,8821.41,84816.297606
446,BTC/USDT,2020-01-15,8820.01,8859.81,8586.0,8720.01,51991.074284
447,BTC/USDT,2020-01-16,8720.15,9041.65,8672.44,8913.28,70897.737377
448,BTC/USDT,2020-01-17,8913.27,8988.88,8806.38,8915.96,38294.746545
449,BTC/USDT,2020-01-18,8915.09,9198.98,8466.0,8701.7,70676.889259
450,BTC/USDT,2020-01-19,8701.72,8746.99,8521.28,8642.35,38896.639746
451,BTC/USDT,2020-01-20,8642.35,8789.0,8488.0,8736.03,36494.687659
452,BTC/USDT,2020-01-21,8736.04,8818.0,8590.0,8682.36,29080.557138
453,BTC/USDT,2020-01-22,8682.77,8691.81,8306.39,8404.52,48165.944597
454,BTC/USDT,2020-01-23,8404.52,8528.02,8238.0,8439.0,41687.529529
455,BTC/USDT,2020-01-24,8438.99,8451.26,8254.9,8340.58,25521.157932
456,BTC/USDT,2020-01-25,8340.01,8618.13,8293.66,8615.0,31130.485164
457,BTC/USDT,2020-01-26,8614.39,9000.0,8535.0,8907.57,53973.542996
458,BTC/USDT,2020-01-27,8907.57,9400.0,8862.4,9374.21,74584.853765
459,BTC/USDT,2020-01-28,9375.34,9449.24,9216.0,9301.53,53864.065122
460,BTC/USDT,2020-01-29,9301.57,9578.0,9204.44,9513.21,60626.744259
461,BTC/USDT,2020-01-30,9511.52,9530.22,9210.01,9352.89,45552.022352
462,BTC/USDT,2020-01-31,9351.71,9464.53,9281.0,9384.61,28578.067354
463,BTC/USDT,2020-02-01,9384.41,9477.03,9120.0,9331.51,45690.91254
464,BTC/USDT,2020-02-02,9331.59,9618.79,9234.0,9292.24,50892.133451
465,BTC/USDT,2020-02-03,9291.35,9350.0,9093.01,9197.02,53308.175266
466,BTC/USDT,2020-02-04,9197.02,9744.45,9177.22,9612.04,64870.415615
467,BTC/USDT,2020-02-05,9612.03,9862.57,9526.35,9772.0,64949.706588
468,BTC/USDT,2020-02-06,9772.0,9885.0,9730.0,9813.73,43966.114632
469,BTC/USDT,2020-02-07,9813.87,9940.0,9667.11,9895.05,43600.843666
470,BTC/USDT,2020-02-08,9895.04,10166.0,9880.75,10151.75,43408.475616
471,BTC/USDT,2020-02-09,10151.72,10188.0,9756.0,9851.83,59573.084619
472,BTC/USDT,2020-02-10,9851.74,10323.59,9700.0,10223.08,62422.395224
473,BTC/USDT,2020-02-11,10223.08,10450.0,10223.08,10326.46,61008.06393
474,BTC/USDT,2020-02-12,10325.33,10500.0,10080.0,10229.63,79344.358759
475,BTC/USDT,2020-02-13,10227.78,10381.56,10111.37,10344.36,47038.480173
476,BTC/USDT,2020-02-14,10344.36,10375.0,9801.0,9904.72,57657.202947
477,BTC/USDT,2020-02-15,9904.46,10050.0,9638.12,9917.27,60023.999537
478,BTC/USDT,2020-02-16,9910.7,9964.16,9452.67,9706.0,70261.011901
479,BTC/USDT,2020-02-17,9706.0,10250.0,9576.01,10164.71,70604.124019
480,BTC/USDT,2020-02-18,10164.78,10250.0,9350.0,9593.79,55162.586895
481,BTC/USDT,2020-02-19,9594.65,9699.0,9400.0,9596.42,60152.342914
482,BTC/USDT,2020-02-20,9597.21,9755.51,9550.21,9677.05,42181.554524
483,BTC/USDT,2020-02-21,9677.05,9709.17,9560.02,9650.86,24636.757623
484,BTC/USDT,2020-02-22,9650.85,9990.0,9645.0,9936.4,37702.089843
485,BTC/USDT,2020-02-23,9936.4,9990.0,9473.56,9656.13,55796.59612
486,BTC/USDT,2020-02-24,9655.52,9675.0,9250.0,9315.84,54379.344552
487,BTC/USDT,2020-02-25,9316.48,9377.44,8633.63,8785.25,92130.345482
488,BTC/USDT,2020-02-26,8786.0,8971.77,8531.0,8823.21,72483.578762
489,BTC/USDT,2020-02-27,8823.25,8900.0,8445.0,8692.91,71155.208977
490,BTC/USDT,2020-02-28,8690.8,8790.0,8523.55,8523.61,36748.183035
491,BTC/USDT,2020-02-29,8523.61,8750.0,8411.0,8531.88,43892.201779
492,BTC/USDT,2020-03-01,8530.3,8965.75,8498.0,8915.24,60401.31773
493,BTC/USDT,2020-03-02,8911.18,8919.65,8651.0,8760.07,55154.997282
494,BTC/USDT,2020-03-03,8760.07,8848.29,8660.0,8750.87,38696.482578
495,BTC/USDT,2020-03-04,8750.99,9159.42,8746.54,9054.68,58201.866355
496,BTC/USDT,2020-03-05,9054.64,9170.0,8985.5,9131.88,43782.948044
497,BTC/USDT,2020-03-06,9130.89,9188.0,8835.0,8886.66,45422.204525
498,BTC/USDT,2020-03-07,8885.25,8886.76,8000.0,8033.31,77537.315166
499,BTC/USDT,2020-03-08,8034.76,8179.31,7805.02,7854.6,21355.158842
500,ETH/USDT,2018-10-26,204.92,206.15,203.09,204.45,50235.68329
501,ETH/USDT,2018-10-27,204.45,205.94,203.62,204.99,44394.83357
502,ETH/USDT,2018-10-28,204.99,205.49,195.28,196.96,118281.82272
503,ETH/USDT,2018-10-29,196.95,198.6,195.91,197.27,83633.81463
504,ETH/USDT,2018-10-30,197.24,201.45,193.01,198.73,114739.70424
505,ETH/USDT,2018-10-31,198.7,200.95,197.88,199.96,86097.98629
506,ETH/USDT,2018-11-01,199.93,203.74,199.34,202.35,97123.22813
507,ETH/USDT,2018-11-02,202.31,202.69,198.59,200.31,72084.92932
508,ETH/USDT,2018-11-03,200.27,218.76,199.0,212.11,182534.6216
509,ETH/USDT,2018-11-04,212.13,213.39,207.62,210.66,141432.1406
510,ETH/USDT,2018-11-05,210.64,221.25,209.11,220.74,197797.49527
511,ETH/USDT,2018-11-06,220.77,224.8,217.01,219.07,204931.0342
512,ETH/USDT,2018-11-07,219.06,220.78,212.49,212.79,189828.4945
513,ETH/USDT,2018-11-08,212.79,215.51,209.1,210.77,152215.94686
514,ETH/USDT,2018-11-09,210.78,215.55,209.02,213.25,131384.47893
515,ETH/USDT,2018-11-10,213.27,213.99,209.0,212.54,136268.81156
516,ETH/USDT,2018-11-11,212.6,214.22,210.9,212.89,99963.97203
517,ETH/USDT,2018-11-12,212.91,213.8,209.2,209.84,114466.36708
518,ETH/USDT,2018-11-13,209.84,210.3,176.16,187.43,434676.16832
519,ETH/USDT,2018-11-14,187.43,190.0,170.99,184.35,452416.10784
520,ETH/USDT,2018-11-15,184.35,185.0,173.0,176.89,241710.34763
521,ETH/USDT,2018-11-16,176.93,177.91,173.94,176.2,144804.70986
522,ETH/USDT,2018-11-17,176.2,182.94,176.1,178.97,141736.32263
523,ETH/USDT,2018-11-18,179.04,179.33,146.47,150.81,596789.83916
524,ETH/USDT,2018-11-19,150.76,154.7,126.95,133.82,996552.28721
525,ETH/USDT,2018-11-20,133.68,142.01,127.15,138.23,718957.78552
526,ETH/USDT,2018-11-21,138.36,140.4,125.64,126.63,334674.07185
527,ETH/USDT,2018-11-22,126.58,128.9,118.56,125.02,504352.24386
528,ETH/USDT,2018-11-23,125.0,130.81,112.32,114.89,471321.56764
529,ETH/USDT,2018-11-24,114.83,122.35,102.95,118.67,836233.31252
530,ETH/USDT,2018-11-25,118.65,121.5,106.41,110.68,679477.36231
531,ETH/USDT,2018-11-26,110.66,114.31,102.36,111.43,524024.40616
532,ETH/USDT,2018-11-27,111.38,126.8,111.37,122.9,578552.74124
533,ETH/USDT,2018-11-28,122.88,124.0,114.78,117.98,478777.39614
534,ETH/USDT,2018-11-29,117.99,120.26,111.09,113.73,418593.63529
535,ETH/USDT,2018-11-30,113.71,120.8,111.35,118.1,330159.06742
536,ETH/USDT,2018-12-01,118.09,120.73,116.0,116.57,273657.6215
537,ETH/USDT,2018-12-02,116.63,116.96,106.7,108.76,324446.03324
538,ETH/USDT,2018-12-03,108.76,113.2,106.0,109.94,275321.0063
539,ETH/USDT,2018-12-04,109.92,110.58,102.38,102.71,354071.53241
540,ETH/USDT,2018-12-05,102.73,104.68,90.2,91.0,586138.59043
541,ETH/USDT,2018-12-06,91.18,96.9,82.07,93.05,1030073.58467
542,ETH/USDT,2018-12-07,93.06,98.0,84.55,90.38,698217.12529
543,ETH/USDT,2018-12-08,90.39,98.7,88.63,93.26,520519.36023
544,ETH/USDT,2018-12-09,93.26,95.21,88.11,89.91,408573.02929
545,ETH/USDT,2018-12-10,89.88,91.65,85.83,87.76,339991.84246
546,ETH/USDT,2018-12-11,87.77,91.31,86.63,89.41,285436.04029
547,ETH/USDT,2018-12-12,89.39,90.71,84.71,86.34,331218.30083
548,ETH/USDT,2018-12-13,86.35,87.25,82.2,83.82,318003.73427
549,ETH/USDT,2018-12-14,83.82,85.0,81.79,83.76,217360.65775
550,ETH/USDT,2018-12-15,83.75,87.64,83.73,84.67,241366.76305
551,ETH/USDT,2018-12-16,84.68,97.0,84.4,94.02,472252.23388
552,ETH/USDT,2018-12-17,94.03,101.3,91.34,100.39,529946.79175
553,ETH/USDT,2018-12-18,100.39,107.55,97.75,98.74,827748.59096
554,ETH/USDT,2018-12-19,98.73,116.0,97.88,114.05,859612.57205
555,ETH/USDT,2018-12-20,113.71,118.0,104.76,107.69,666048.71786
556,ETH/USDT,2018-12-21,107.67,115.5,105.38,115.2,405672.83117
557,ETH/USDT,2018-12-22,115.18,131.94,114.91,129.03,936094.1049
558,ETH/USDT,2018-12-23,129.03,157.67,128.8,138.03,1319609.8165
559,ETH/USDT,2018-12-24,138.01,139.26,119.68,127.6,1076164.12809
560,ETH/USDT,2018-12-25,127.61,135.32,122.51,129.35,794834.05601
561,ETH/USDT,2018-12-26,129.35,131.09,111.22,113.8,752177.90111
562,ETH/USDT,2018-12-27,113.75,136.66,111.87,135.3,894454.19051
563,ETH/USDT,2018-12-28,135.3,145.42,128.5,132.89,1006654.49844
564,ETH/USDT,2018-12-29,133.0,139.0,127.03,137.77,704259.41614
565,ETH/USDT,2018-12-30,137.81,138.66,128.7,131.45,484604.83962
566,ETH/USDT,2018-12-31,131.45,140.67,130.0,139.1,401776.88797
567,ETH/USDT,2019-01-01,139.1,155.37,137.76,152.01,941486.31524
568,ETH/USDT,2019-01-02,152.01,153.64,143.11,146.3,708091.31714
569,ETH/USDT,2019-01-03,146.3,154.8,143.54,151.97,805248.93821
570,ETH/USDT,2019-01-04,152.08,159.26,151.2,152.83,773169.13736
571,ETH/USDT,2019-01-05,152.83,157.4,147.51,153.86,627908.47366
572,ETH/USDT,2019-01-06,153.89,155.48,147.86,149.34,424765.30258
573,ETH/USDT,2019-01-07,149.29,151.65,145.2,147.6,441661.06778
574,ETH/USDT,2019-01-08,147.62,151.5,146.77,148.1,299443.563
575,ETH/USDT,2019-01-09,148.11,149.45,121.0,124.95,871751.75038
576,ETH/USDT,2019-01-10,124.96,127.36,120.08,124.65,545293.98369
577,ETH/USDT,2019-01-11,124.67,126.19,122.0,123.35,300262.13404
578,ETH/USDT,2019-01-12,123.35,124.25,111.87,114.16,422561.96777
579,ETH/USDT,2019-01-13,114.17,130.05,113.94,126.95,546420.40854
580,ETH/USDT,2019-01-14,126.95,129.4,116.0,118.95,649020.5297
581,ETH/USDT,2019-01-15,118.93,126.88,118.52,121.48,513486.65472
582,ETH/USDT,2019-01-16,121.49,122.99,116.8,121.54,447535.22716
583,ETH/USDT,2019-01-17,121.56,121.98,117.66,119.17,235646.684
584,ETH/USDT,2019-01-18,119.16,125.29,119.14,122.6,323303.79296
585,ETH/USDT,2019-01-19,122.61,123.32,115.68,117.47,451792.85352
586,ETH/USDT,2019-01-20,117.56,118.5,113.61,115.63,303632.93463
587,ETH/USDT,2019-01-21,115.62,119.49,111.39,117.81,359542.63873
588,ETH/USDT,2019-01-22,117.8,118.95,114.8,116.44,230247.61578
589,ETH/USDT,2019-01-23,116.4,117.15,113.61,116.39,216242.29829
590,ETH/USDT,2019-01-24,116.4,117.5,114.3,115.11,198617.08108
591,ETH/USDT,2019-01-25,115.13,118.0,115.0,115.34,146216.82819
592,ETH/USDT,2019-01-26,115.32,116.15,111.04,112.05,247369.60555
593,ETH/USDT,2019-01-27,112.04,112.87,100.91,105.5,566205.78288
594,ETH/USDT,2019-01-28,105.49,106.61,102.22,104.45,319768.91348
595,ETH/USDT,2019-01-29,104.41,109.8,103.45,108.29,330968.19265
596,ETH/USDT,2019-01-30,108.29,110.61,105.46,106.44,290679.61935
597,ETH/USDT,2019-01-31,106.47,108.35,103.77,106.73,243149.88435
598,ETH/USDT,2019-02-01,106.71,111.15,106.07,110.42,186908.7573
599,ETH/USDT,2019-02-02,110.41,111.11,105.82,107.36,227211.54064
600,ETH/USDT,2019-02-03,107.33,109.3,106.57,107.68,160850.10293
601,ETH/USDT,2019-02-04,107.65,108.18,106.47,107.27,159730.1886
602,ETH/USDT,2019-02-05,107.28,107.83,101.21,104.5,337204.30254
603,ETH/USDT,2019-02-06,104.49,106.18,103.82,104.48,147942.07683
604,ETH/USDT,2019-02-07,104.48,123.0,103.41,119.25,589950.64925
605,ETH/USDT,2019-02-08,119.32,121.99,117.64,119.19,328067.9574
606,ETH/USDT,2019-02-09,119.19,126.49,115.81,125.12,385819.09619
607,ETH/USDT,2019-02-10,125.12,125.28,119.24,120.89,389405.30404
608,ETH/USDT,2019-02-11,120.88,123.89,118.18,122.41,343765.66987
609,ETH/USDT,2019-02-12,122.4,126.47,120.7,121.86,317827.31956
610,ETH/USDT,2019-02-13,121.86,124.5,120.1,120.42,297205.78738
611,ETH/USDT,2019-02-14,120.47,124.25,120.19,121.67,255296.0814
612,ETH/USDT,2019-02-15,121.66,124.99,121.54,122.67,215320.70134
613,ETH/USDT,2019-02-16,122.67,135.61,122.43,133.75,614788.60078
614,ETH/USDT,2019-02-17,133.77,148.3,132.42,145.69,1079830.1502
615,ETH/USDT,2019-02-18,145.69,150.0,142.36,143.44,747968.90445
616,ETH/USDT,2019-02-19,143.45,149.52,139.6,148.44,614303.61007
617,ETH/USDT,2019-02-20,148.42,149.61,142.7,145.69,447364.40873
618,ETH/USDT,2019-02-21,145.68,148.85,143.85,147.36,366251.18542
619,ETH/USDT,2019-02-22,147.4,159.6,145.78,157.79,588183.72896
620,ETH/USDT,2019-02-23,157.75,166.0,131.7,132.1,1260506.80672
621,ETH/USDT,2019-02-24,132.1,141.55,131.89,137.87,801147.09543
622,ETH/USDT,2019-02-25,137.88,138.41,133.72,136.22,432944.17033
623,ETH/USDT,2019-02-26,136.22,140.29,126.84,135.02,567202.61035
624,ETH/USDT,2019-02-27,135.03,139.0,132.1,135.34,579327.31749
625,ETH/USDT,2019-02-28,135.32,137.95,134.9,135.32,302632.02831
626,ETH/USDT,2019-03-01,135.32,136.12,130.03,132.56,297005.28093
627,ETH/USDT,2019-03-02,132.54,134.6,128.01,130.6,222453.2859
628,ETH/USDT,2019-03-03,130.6,131.11,122.6,125.65,403947.79445
629,ETH/USDT,2019-03-04,125.68,137.84,125.19,136.72,512631.23178
630,ETH/USDT,2019-03-05,136.71,140.29,133.33,137.4,428826.87415
631,ETH/USDT,2019-03-06,137.37,140.2,135.2,136.81,307336.4931
632,ETH/USDT,2019-03-07,136.82,139.34,130.62,133.52,330283.58233
633,ETH/USDT,2019-03-08,133.51,138.65,132.93,137.27,279861.12049
634,ETH/USDT,2019-03-09,137.27,137.5,134.0,135.37,203965.16815
635,ETH/USDT,2019-03-10,135.37,136.15,131.0,132.67,264587.00683
636,ETH/USDT,2019-03-11,132.67,135.3,130.77,133.57,194905.96843
637,ETH/USDT,2019-03-12,133.62,133.65,130.58,131.65,209456.09848
638,ETH/USDT,2019-03-13,131.69,135.11,128.52,132.2,258413.81868
639,ETH/USDT,2019-03-14,132.24,137.62,132.18,136.56,295832.26562
640,ETH/USDT,2019-03-15,136.6,144.47,136.51,140.92,474664.10197
641,ETH/USDT,2019-03-16,140.94,141.07,137.2,138.67,252697.08148
642,ETH/USDT,2019-03-17,138.67,142.01,136.1,137.59,281718.96195
643,ETH/USDT,2019-03-18,137.62,139.38,136.97,138.55,218577.45208
644,ETH/USDT,2019-03-19,138.56,139.66,136.01,139.01,222883.51754
645,ETH/USDT,2019-03-20,139.04,139.55,131.21,134.85,312531.39368
646,ETH/USDT,2019-03-21,134.85,137.2,134.29,135.98,186119.74745
647,ETH/USDT,2019-03-22,135.92,138.21,135.6,137.28,174710.43059
648,ETH/USDT,2019-03-23,137.28,137.37,134.75,136.09,198490.45124
649,ETH/USDT,2019-03-24,136.12,136.83,131.6,133.98,230880.285
650,ETH/USDT,2019-03-25,133.97,134.74,132.27,134.18,183139.11426
651,ETH/USDT,2019-03-26,134.14,140.14,133.84,139.45,317167.45325
652,ETH/USDT,2019-03-27,139.46,139.57,137.3,137.86,163185.6991
653,ETH/USDT,2019-03-28,137.85,143.6,137.62,143.25,235853.0454
654,ETH/USDT,2019-03-29,143.25,145.89,140.06,142.46,254798.70067
655,ETH/USDT,2019-03-30,142.44,142.5,140.42,141.38,142469.21171
656,ETH/USDT,2019-03-31,141.41,143.08,139.57,141.24,234310.19161
657,ETH/USDT,2019-04-01,141.24,165.6,141.0,163.31,906868.8586
658,ETH/USDT,2019-04-02,163.26,177.81,149.23,159.96,1345344.53845
659,ETH/USDT,2019-04-03,159.96,164.0,152.8,157.36,686080.95248
660,ETH/USDT,2019-04-04,157.33,167.83,155.94,164.77,516070.34553
661,ETH/USDT,2019-04-05,164.84,172.77,159.2,165.5,528168.33297
662,ETH/USDT,2019-04-06,165.56,175.43,164.06,174.21,465507.52497
663,ETH/USDT,2019-04-07,174.29,185.87,170.9,178.72,873410.07285
664,ETH/USDT,2019-04-08,178.71,179.17,171.05,174.6,431986.36108
665,ETH/USDT,2019-04-09,174.58,183.77,168.0,177.12,523943.20498
666,ETH/USDT,2019-04-10,177.12,177.48,158.27,164.07,661305.30321
667,ETH/USDT,2019-04-11,164.06,166.5,158.11,163.19,316337.87823
668,ETH/USDT,2019-04-12,163.2,165.37,160.74,162.99,179237.74574
669,ETH/USDT,2019-04-13,162.99,168.11,161.2,167.23,186977.66211
670,ETH/USDT,2019-04-14,167.21,168.81,155.7,159.95,351548.9079
671,ETH/USDT,2019-04-15,159.91,166.73,159.41,165.37,240370.50441
672,ETH/USDT,2019-04-16,165.41,167.28,163.78,165.75,227841.54981
673,ETH/USDT,2019-04-17,165.75,175.2,165.04,173.33,396118.94407
674,ETH/USDT,2019-04-18,173.34,173.55,168.59,172.64,320541.72166
675,ETH/USDT,2019-04-19,172.66,176.97,169.87,172.88,253596.48407
676,ETH/USDT,2019-04-20,172.89,173.48,164.82,168.59,283450.43943
677,ETH/USDT,2019-04-21,168.59,172.3,167.0,170.52,269868.39876
678,ETH/USDT,2019-04-22,170.52,175.83,167.78,169.16,363523.34531
679,ETH/USDT,2019-04-23,169.15,169.87,159.26,164.78,426497.04153
680,ETH/USDT,2019-04-24,164.78,165.49,150.35,154.72,422657.03239
681,ETH/USDT,2019-04-25,154.7,162.56,151.4,157.95,500355.86283
682,ETH/USDT,2019-04-26,157.93,166.24,156.35,159.31,215918.63842
683,ETH/USDT,2019-04-27,159.32,160.24,156.92,157.85,152976.30181
684,ETH/USDT,2019-04-28,157.86,159.05,152.0,155.11,243591.94898
685,ETH/USDT,2019-04-29,155.14,162.89,155.11,161.83,305056.24653
686,ETH/USDT,2019-04-30,161.85,163.88,158.36,160.19,192517.62763
687,ETH/USDT,2019-05-01,160.2,163.48,158.5,161.81,289519.02025
688,ETH/USDT,2019-05-02,161.82,170.86,160.99,168.06,416357.52123
689,ETH/USDT,2019-05-03,168.1,171.3,159.76,163.7,312928.58349
690,ETH/USDT,2019-05-04,163.71,165.36,159.18,163.05,176029.10445
691,ETH/USDT,2019-05-05,163.05,178.05,157.55,173.0,506528.14278
692,ETH/USDT,2019-05-06,172.98,182.76,167.89,169.18,732496.87861
693,ETH/USDT,2019-05-07,169.07,173.17,164.8,170.85,296410.76103
694,ETH/USDT,2019-05-08,170.88,173.88,166.57,170.9,284663.99456
695,ETH/USDT,2019-05-09,170.96,176.7,168.46,172.91,425543.74021
696,ETH/USDT,2019-05-10,172.92,205.23,172.92,190.2,885292.38389
697,ETH/USDT,2019-05-11,190.2,204.32,181.0,188.11,823372.28148
698,ETH/USDT,2019-05-12,188.07,206.87,185.32,195.84,669265.46524
699,ETH/USDT,2019-05-13,195.83,219.81,194.19,216.4,864211.00603
700,ETH/USDT,2019-05-14,216.4,250.27,216.21,248.1,574697.29927
701,ETH/USDT,2019-05-15,248.06,279.76,241.76,264.25,1733360.8936
702,ETH/USDT,2019-05-16,264.35,268.74,223.43,244.3,1529892.56898
703,ETH/USDT,2019-05-17,244.31,248.0,230.62,233.6,673218.09982
704,ETH/USDT,2019-05-18,233.57,264.0,231.77,259.51,823859.06342
705,ETH/USDT,2019-05-19,259.37,259.49,238.0,250.37,666889.82241
706,ETH/USDT,2019-05-20,250.48,262.0,246.06,253.43,580249.69753
707,ETH/USDT,2019-05-21,253.35,260.18,239.63,243.64,592848.95605
708,ETH/USDT,2019-05-22,243.68,247.34,231.1,244.56,600193.89368
709,ETH/USDT,2019-05-23,244.63,254.35,241.54,248.87,447066.92596
710,ETH/USDT,2019-05-24,248.84,257.33,247.22,250.22,332544.38731
711,ETH/USDT,2019-05-25,250.17,269.4,245.11,264.45,450090.22324
712,ETH/USDT,2019-05-26,264.35,279.59,260.0,270.53,635463.50204
713,ETH/USDT,2019-05-27,270.7,275.95,264.45,271.03,409443.69364
714,ETH/USDT,2019-05-28,271.08,274.04,260.05,268.83,383412.45769
715,ETH/USDT,2019-05-29,268.92,288.62,240.14,254.56,1066279.49387
716,ETH/USDT,2019-05-30,254.59,268.72,245.21,267.9,602153.87244
717,ETH/USDT,2019-05-31,267.9,275.5,260.68,264.33,455676.98613
718,ETH/USDT,2019-06-01,264.33,273.2,263.2,268.88,301536.15062
719,ETH/USDT,2019-06-02,268.87,270.0,248.0,249.91,397360.65275
720,ETH/USDT,2019-06-03,250.02,251.67,234.39,241.39,633822.71246
721,ETH/USDT,2019-06-04,241.46,250.41,237.37,245.63,335953.37927
722,ETH/USDT,2019-06-05,245.62,250.66,235.01,248.76,297579.14734
723,ETH/USDT,2019-06-06,248.77,253.28,243.46,248.77,353378.6568
724,ETH/USDT,2019-06-07,248.78,250.53,240.37,243.25,188448.27748
725,ETH/USDT,2019-06-08,243.33,244.53,226.56,230.98,316931.85638
726,ETH/USDT,2019-06-09,231.02,247.45,227.03,246.51,314662.52637
727,ETH/USDT,2019-06-10,246.61,247.8,236.49,244.29,237508.42798
728,ETH/USDT,2019-06-11,244.36,261.87,242.2,261.15,336499.3016
729,ETH/USDT,2019-06-12,261.13,262.98,253.69,254.67,291757.21635
730,ETH/USDT,2019-06-13,254.67,264.26,251.75,262.47,327383.28236
731,ETH/USDT,2019-06-14,262.48,272.27,260.61,267.82,286594.98029
732,ETH/USDT,2019-06-15,267.78,277.06,263.31,267.73,458176.54236
733,ETH/USDT,2019-06-16,267.73,276.0,266.81,273.16,339277.66707
734,ETH/USDT,2019-06-17,273.14,273.58,261.45,264.66,319941.55156
735,ETH/USDT,2019-06-18,264.68,270.0,263.59,268.14,208375.68381
736,ETH/USDT,2019-06-19,268.16,273.63,265.71,271.22,200717.7737
737,ETH/USDT,2019-06-20,271.27,295.94,271.22,294.35,519818.06907
738,ETH/USDT,2019-06-21,294.25,314.39,289.69,310.79,726254.67061
739,ETH/USDT,2019-06-22,310.7,321.7,305.58,308.52,418812.02747
740,ETH/USDT,2019-06-23,308.42,314.41,298.0,311.64,352791.26964
741,ETH/USDT,2019-06-24,311.65,318.99,307.0,318.26,345559.65047
742,ETH/USDT,2019-06-25,318.29,366.8,315.57,339.39,1008551.28721
743,ETH/USDT,2019-06-26,339.53,347.0,280.01,298.35,1016826.449
744,ETH/USDT,2019-06-27,298.35,313.58,295.22,311.05,529174.47722
745,ETH/USDT,2019-06-28,310.95,324.74,295.18,317.62,425555.16264
746,ETH/USDT,2019-06-29,317.64,323.5,290.12,292.7,489028.56835
747,ETH/USDT,2019-06-30,292.89,303.49,280.13,295.07,489769.27421
748,ETH/USDT,2019-07-01,295.03,297.57,272.65,291.48,493772.96579
749,ETH/USDT,2019-07-02,291.47,302.89,285.0,301.14,370521.96637
750,ETH/USDT,2019-07-03,301.11,302.74,280.53,282.73,270791.36878
751,ETH/USDT,2019-07-04,282.86,294.89,280.78,287.47,261139.28341
752,ETH/USDT,2019-07-05,287.32,296.71,285.28,288.29,196064.64705
753,ETH/USDT,2019-07-06,288.29,309.69,284.25,304.72,246111.36595
754,ETH/USDT,2019-07-07,304.72,313.74,300.78,311.97,289607.34177
755,ETH/USDT,2019-07-08,311.96,318.19,302.69,307.46,309447.34927
756,ETH/USDT,2019-07-09,307.46,314.18,281.04,289.23,457080.94063
757,ETH/USDT,2019-07-10,289.23,289.23,262.12,268.63,501592.75211
758,ETH/USDT,2019-07-11,268.67,278.99,266.21,274.62,266734.54213
759,ETH/USDT,2019-07-12,274.53,275.04,262.2,268.79,205959.26849
760,ETH/USDT,2019-07-13,268.8,269.74,222.81,225.85,540052.58421
761,ETH/USDT,2019-07-14,225.83,235.58,203.08,228.2,715991.20688
762,ETH/USDT,2019-07-15,228.2,234.5,192.25,198.88,715604.83198
763,ETH/USDT,2019-07-16,198.94,219.86,191.84,210.81,694854.10132
764,ETH/USDT,2019-07-17,210.8,229.65,205.71,225.73,609081.49094
765,ETH/USDT,2019-07-18,225.75,226.23,212.52,220.73,371622.21865
766,ETH/USDT,2019-07-19,220.84,235.09,219.78,228.2,325393.97225
767,ETH/USDT,2019-07-20,228.25,229.66,216.99,225.38,270046.1519
768,ETH/USDT,2019-07-21,225.49,228.34,212.25,217.51,271310.40446
769,ETH/USDT,2019-07-22,217.59,219.55,208.36,212.48,317876.48242
770,ETH/USDT,2019-07-23,212.55,218.28,202.0,216.31,331162.6484
771,ETH/USDT,2019-07-24,216.31,225.12,215.23,219.14,280370.29627
772,ETH/USDT,2019-07-25,219.14,220.0,212.71,218.81,197781.98653
773,ETH/USDT,2019-07-26,218.81,223.3,203.0,207.3,301209.41113
774,ETH/USDT,2019-07-27,207.3,213.52,198.24,211.62,218801.16693
775,ETH/USDT,2019-07-28,211.58,215.83,206.59,210.89,226941.28
776,ETH/USDT,2019-07-29,210.84,214.36,204.4,209.58,222683.79393
777,ETH/USDT,2019-07-30,209.57,218.79,209.2,218.42,207213.55658
778,ETH/USDT,2019-07-31,218.42,219.39,210.54,216.84,186806.18844
779,ETH/USDT,2019-08-01,216.8,222.18,214.31,217.61,206867.03039
780,ETH/USDT,2019-08-02,217.69,224.51,216.62,222.14,181591.95296
781,ETH/USDT,2019-08-03,222.14,223.34,216.9,221.79,135622.0258
782,ETH/USDT,2019-08-04,221.79,236.25,221.79,233.54,307956.27211
783,ETH/USDT,2019-08-05,233.53,239.15,223.03,226.28,341279.08159
784,ETH/USDT,2019-08-06,226.31,231.25,220.95,226.1,279104.7037
785,ETH/USDT,2019-08-07,226.11,228.5,215.51,221.39,236886.35423
786,ETH/USDT,2019-08-08,221.38,221.79,207.3,210.53,232062.12757
787,ETH/USDT,2019-08-09,210.52,215.0,202.6,206.48,252614.02389
788,ETH/USDT,2019-08-10,206.48,216.94,206.14,216.42,188474.09048
789,ETH/USDT,2019-08-11,216.41,216.81,209.75,211.41,122760.94619
790,ETH/USDT,2019-08-12,211.58,214.3,204.0,209.3,166922.48201
791,ETH/USDT,2019-08-13,209.31,209.9,183.49,187.1,325228.98931
792,ETH/USDT,2019-08-14,187.08,189.95,181.23,188.03,237953.09426
793,ETH/USDT,2019-08-15,187.98,188.39,178.04,184.88,282177.01584
794,ETH/USDT,2019-08-16,184.83,187.0,181.83,185.59,138799.61508
795,ETH/USDT,2019-08-17,185.67,197.91,183.35,194.33,175363.5062
796,ETH/USDT,2019-08-18,194.32,203.59,192.7,202.28,239541.5978
797,ETH/USDT,2019-08-19,202.24,202.75,194.45,196.6,189297.75494
798,ETH/USDT,2019-08-20,196.55,197.2,179.53,187.45,284973.64194
799,ETH/USDT,2019-08-21,187.45,195.14,182.8,190.35,245575.98772
800,ETH/USDT,2019-08-22,190.36,196.19,188.16,194.02,192548.51552
801,ETH/USDT,2019-08-23,194.02,194.09,185.63,190.6,167806.34294
802,ETH/USDT,2019-08-24,190.6,192.4,182.8,186.54,169862.91522
803,ETH/USDT,2019-08-25,186.54,193.7,186.0,188.67,254397.79472
804,ETH/USDT,2019-08-26,188.61,189.49,184.75,187.24,157898.563
805,ETH/USDT,2019-08-27,187.3,188.25,166.48,173.03,334480.61761
806,ETH/USDT,2019-08-28,173.03,173.5,163.61,169.01,295241.216
807,ETH/USDT,2019-08-29,169.03,170.77,165.55,168.5,238616.68868
808,ETH/USDT,2019-08-30,168.48,174.98,165.63,171.57,194999.19583
809,ETH/USDT,2019-08-31,171.52,173.42,167.61,170.74,191140.52368
810,ETH/USDT,2019-09-01,170.73,181.0,170.02,178.05,294627.31247
811,ETH/USDT,2019-09-02,178.0,183.0,174.09,178.75,327857.85447
812,ETH/USDT,2019-09-03,178.79,180.14,173.0,174.72,286226.25171
813,ETH/USDT,2019-09-04,174.7,176.19,168.1,173.75,232753.83596
814,ETH/USDT,2019-09-05,173.74,177.87,165.0,169.08,315822.37984
815,ETH/USDT,2019-09-06,169.11,180.8,168.3,177.62,253831.23169
816,ETH/USDT,2019-09-07,177.58,184.18,176.13,181.19,290083.47501
817,ETH/USDT,2019-09-08,181.18,185.38,176.01,180.54,273729.94868
818,ETH/USDT,2019-09-09,180.52,184.36,177.0,179.81,238387.50999
819,ETH/USDT,2019-09-10,179.87,182.8,173.0,178.28,278555.46708
820,ETH/USDT,2019-09-11,178.3,182.38,176.62,180.72,203543.13663
821,ETH/USDT,2019-09-12,180.71,181.38,177.54,180.95,264422.54059
822,ETH/USDT,2019-09-13,180.96,188.79,179.75,188.13,279371.83423
823,ETH/USDT,2019-09-14,188.14,190.45,185.76,189.03,288928.60827
824,ETH/USDT,2019-09-15,189.05,199.44,188.3,197.22,551006.81686
825,ETH/USDT,2019-09-16,197.23,215.13,195.74,207.84,715863.2262
826,ETH/USDT,2019-09-17,207.85,217.27,207.66,210.21,539028.51013
827,ETH/USDT,2019-09-18,210.27,223.94,202.3,220.24,844358.82155
828,ETH/USDT,2019-09-19,220.26,221.54,212.05,218.03,437804.12669
829,ETH/USDT,2019-09-20,218.01,221.5,213.2,215.05,417891.5242
830,ETH/USDT,2019-09-21,215.04,215.61,206.1,211.2,445388.94787
831,ETH/USDT,2019-09-22,211.2,211.68,198.65,201.29,392437.07084
832,ETH/USDT,2019-09-23,201.25,202.98,150.03,165.81,1478218.82714
833,ETH/USDT,2019-09-24,165.72,174.85,161.88,169.96,879001.46213
834,ETH/USDT,2019-09-25,169.96,171.01,152.11,165.92,779942.17148
835,ETH/USDT,2019-09-26,165.92,176.72,161.03,173.79,634932.96707
836,ETH/USDT,2019-09-27,173.83,175.49,168.0,173.49,521775.46593
837,ETH/USDT,2019-09-28,173.5,174.5,164.12,169.24,410855.12176
838,ETH/USDT,2019-09-29,169.26,181.24,165.01,180.85,580295.3997
839,ETH/USDT,2019-09-30,180.89,185.53,173.19,175.66,609819.60828
840,ETH/USDT,2019-10-01,175.65,181.29,173.65,180.24,348268.1162
841,ETH/USDT,2019-10-02,180.24,180.72,169.55,174.69,354756.78478
842,ETH/USDT,2019-10-03,174.71,178.98,170.74,175.55,333897.63876
843,ETH/USDT,2019-10-04,175.55,176.71,172.02,176.25,278488.61771
844,ETH/USDT,2019-10-05,176.23,177.04,167.68,170.1,314932.39629
845,ETH/USDT,2019-10-06,170.08,182.32,168.68,179.85,496523.48038
846,ETH/USDT,2019-10-07,179.88,184.87,177.0,180.6,400832.37828
847,ETH/USDT,2019-10-08,180.61,195.53,178.96,192.62,562506.82189
848,ETH/USDT,2019-10-09,192.61,194.2,186.88,191.14,436588.58452
849,ETH/USDT,2019-10-10,191.18,196.65,179.41,180.72,621693.63125
850,ETH/USDT,2019-10-11,180.65,184.64,177.59,179.68,290415.22038
851,ETH/USDT,2019-10-12,179.65,184.95,178.52,180.99,247589.23231
852,ETH/USDT,2019-10-13,180.98,187.54,180.43,186.72,279732.84612
853,ETH/USDT,2019-10-14,186.7,188.37,175.96,180.49,405466.38109
854,ETH/USDT,2019-10-15,180.52,181.44,171.81,174.47,347764.93459
855,ETH/USDT,2019-10-16,174.52,178.96,172.61,177.16,298795.8198
856,ETH/USDT,2019-10-17,177.17,177.44,168.66,172.74,319602.48508
857,ETH/USDT,2019-10-18,172.78,174.98,169.44,171.79,296918.73026
858,ETH/USDT,2019-10-19,171.84,176.88,169.21,175.22,299141.07152
859,ETH/USDT,2019-10-20,175.18,177.9,171.59,173.98,270608.51385
860,ETH/USDT,2019-10-21,174.0,175.04,170.3,171.2,255429.41624
861,ETH/USDT,2019-10-22,171.19,171.49,153.45,162.35,746955.09806
862,ETH/USDT,2019-10-23,162.35,163.72,158.72,160.38,387310.83766
863,ETH/USDT,2019-10-24,160.39,187.78,160.25,181.5,904832.86059
864,ETH/USDT,2019-10-25,181.53,197.74,173.8,179.49,1211737.43684
865,ETH/USDT,2019-10-26,179.42,188.7,176.22,183.75,724423.40525
866,ETH/USDT,2019-10-27,183.84,189.48,180.35,181.72,582179.44545
867,ETH/USDT,2019-10-28,181.67,192.74,181.26,190.46,529964.5054
868,ETH/USDT,2019-10-29,190.45,191.71,179.28,183.13,537770.43056
869,ETH/USDT,2019-10-30,183.14,185.27,177.66,182.18,410969.86104
870,ETH/USDT,2019-10-31,182.19,184.5,177.02,182.85,331519.76963
871,ETH/USDT,2019-11-01,182.86,186.0,181.53,182.91,179864.39739
872,ETH/USDT,2019-11-02,182.9,184.7,178.95,181.54,232621.52147
873,ETH/USDT,2019-11-03,181.53,188.64,180.36,185.71,321175.29134
874,ETH/USDT,2019-11-04,185.71,192.51,182.22,188.68,389668.6472
875,ETH/USDT,2019-11-05,188.65,195.09,187.72,191.16,343219.9224
876,ETH/USDT,2019-11-06,191.16,192.27,184.59,186.68,309882.08206
877,ETH/USDT,2019-11-07,186.67,188.26,181.41,183.74,365029.75027
878,ETH/USDT,2019-11-08,183.71,185.79,182.63,184.89,192073.38044
879,ETH/USDT,2019-11-09,184.86,191.58,183.3,188.96,274940.53448
880,ETH/USDT,2019-11-10,188.96,190.19,184.06,184.98,255579.93429
881,ETH/USDT,2019-11-11,184.98,187.65,182.41,187.09,256782.63119
882,ETH/USDT,2019-11-12,187.09,189.66,185.3,188.11,197273.84001
883,ETH/USDT,2019-11-13,188.07,188.72,183.34,184.92,245505.29971
884,ETH/USDT,2019-11-14,184.93,186.7,177.67,180.0,407466.78964
885,ETH/USDT,2019-11-15,179.99,183.46,179.3,182.37,172801.52576
886,ETH/USDT,2019-11-16,182.37,186.09,180.0,183.82,198892.4372
887,ETH/USDT,2019-11-17,183.82,184.06,175.01,178.2,293551.23632
888,ETH/USDT,2019-11-18,178.2,178.52,172.65,175.94,275886.6411
889,ETH/USDT,2019-11-19,175.93,177.41,173.5,174.72,216315.93309
890,ETH/USDT,2019-11-20,174.75,175.85,157.26,161.01,473895.92992
891,ETH/USDT,2019-11-21,161.02,162.79,138.0,149.56,977977.23794
892,ETH/USDT,2019-11-22,149.55,154.33,146.11,151.84,369721.0996
893,ETH/USDT,2019-11-23,151.84,152.86,138.62,139.96,352319.21558
894,ETH/USDT,2019-11-24,139.99,151.5,131.45,145.69,749675.41303
895,ETH/USDT,2019-11-25,145.81,149.97,143.37,147.47,354023.04298
896,ETH/USDT,2019-11-26,147.47,155.54,140.84,152.62,564796.4284
897,ETH/USDT,2019-11-27,152.61,154.63,149.09,150.72,317714.56326
898,ETH/USDT,2019-11-28,150.69,157.6,150.23,154.57,328712.25558
899,ETH/USDT,2019-11-29,154.54,155.25,149.7,151.37,226863.41299
900,ETH/USDT,2019-11-30,151.43,152.49,145.79,150.73,344178.14088
901,ETH/USDT,2019-12-01,150.72,151.42,146.71,148.65,233839.0973
902,ETH/USDT,2019-12-02,148.66,149.93,145.77,147.17,196329.22503
903,ETH/USDT,2019-12-03,147.19,151.98,143.15,145.38,434430.62379
904,ETH/USDT,2019-12-04,145.45,149.02,143.64,148.1,299073.53972
905,ETH/USDT,2019-12-05,148.11,149.77,145.74,148.45,220674.68581
906,ETH/USDT,2019-12-06,148.46,149.49,146.85,147.14,140471.68588
907,ETH/USDT,2019-12-07,147.16,151.62,146.11,150.44,205301.6026
908,ETH/USDT,2019-12-08,150.44,151.19,146.56,147.38,243775.99249
909,ETH/USDT,2019-12-09,147.4,148.57,143.81,145.56,203215.84937
910,ETH/USDT,2019-12-10,145.53,146.34,142.12,143.39,157843.10484
911,ETH/USDT,2019-12-11,143.41,145.85,139.24,144.87,261615.30437
912,ETH/USDT,2019-12-12,144.87,146.0,142.8,144.8,160695.18556
913,ETH/USDT,2019-12-13,144.8,145.07,141.18,141.79,126232.59201
914,ETH/USDT,2019-12-14,141.79,144.12,139.92,142.46,151189.65877
915,ETH/USDT,2019-12-15,142.46,142.72,127.93,132.73,471018.85942
916,ETH/USDT,2019-12-16,132.72,132.98,119.11,121.88,563257.36001
917,ETH/USDT,2019-12-17,121.88,134.87,116.26,132.78,884960.91334
918,ETH/USDT,2019-12-18,132.8,134.0,125.69,128.1,420674.8172
919,ETH/USDT,2019-12-19,128.1,129.39,125.84,128.19,213897.4673
920,ETH/USDT,2019-12-20,128.19,128.4,126.5,126.99,135196.11641
921,ETH/USDT,2019-12-21,127.0,133.07,126.82,132.09,253140.72413
922,ETH/USDT,2019-12-22,132.12,135.1,126.0,127.8,421600.75655
923,ETH/USDT,2019-12-23,127.8,129.69,126.61,127.75,200637.10098
924,ETH/USDT,2019-12-24,127.7,127.84,123.07,125.09,225004.4909
925,ETH/USDT,2019-12-25,125.09,132.26,124.32,125.58,274986.52097
926,ETH/USDT,2019-12-26,125.58,127.1,121.91,126.29,240012.37451
927,ETH/USDT,2019-12-27,126.28,129.68,125.84,128.11,196893.52277
928,ETH/USDT,2019-12-28,128.11,138.07,127.52,134.36,316347.26666
929,ETH/USDT,2019-12-29,134.36,136.24,130.3,131.59,320347.21956
930,ETH/USDT,2019-12-30,131.61,133.68,128.17,129.16,264933.98418
931,ETH/USDT,2019-12-31,129.16,133.05,128.68,130.77,144770.52197
932,ETH/USDT,2020-01-01,130.72,130.78,126.38,127.19,213757.05806
933,ETH/USDT,2020-01-02,127.19,135.14,125.88,134.35,413055.18895
934,ETH/USDT,2020-01-03,134.37,135.85,132.5,134.2,184276.17102
935,ETH/USDT,2020-01-04,134.2,138.19,134.19,135.37,254120.45343
936,ETH/USDT,2020-01-05,135.37,144.41,134.86,144.15,408020.27375
937,ETH/USDT,2020-01-06,144.14,145.31,138.76,142.8,447762.17281
938,ETH/USDT,2020-01-07,142.8,147.77,137.03,140.72,570465.57764
939,ETH/USDT,2020-01-08,140.76,141.5,135.3,137.74,366076.06569
940,ETH/USDT,2020-01-09,137.73,145.17,135.32,144.84,409403.59507
941,ETH/USDT,2020-01-10,144.83,148.05,142.09,142.38,368350.57939
942,ETH/USDT,2020-01-11,142.4,146.6,141.76,146.54,229541.86137
943,ETH/USDT,2020-01-12,146.56,147.0,142.27,143.58,207996.61865
944,ETH/USDT,2020-01-13,143.58,171.7,143.51,165.64,1108476.31186
945,ETH/USDT,2020-01-14,165.6,171.98,159.2,166.4,721687.80381
946,ETH/USDT,2020-01-15,166.4,167.4,157.8,164.21,456170.86719
947,ETH/USDT,2020-01-16,164.24,174.81,162.14,169.85,767180.67853
948,ETH/USDT,2020-01-17,169.92,179.5,164.92,174.14,688783.17982
949,ETH/USDT,2020-01-18,174.1,178.05,161.66,166.79,624681.28604
950,ETH/USDT,2020-01-19,166.79,169.33,161.24,166.87,358092.8841
951,ETH/USDT,2020-01-20,166.86,170.32,164.8,169.49,308007.6353
952,ETH/USDT,2020-01-21,169.48,171.47,166.03,168.07,272240.90286
953,ETH/USDT,2020-01-22,168.07,168.2,159.21,162.81,373414.34985
954,ETH/USDT,2020-01-23,162.85,164.45,155.55,162.54,430013.19902
955,ETH/USDT,2020-01-24,162.51,162.79,157.61,160.35,219921.65197
956,ETH/USDT,2020-01-25,160.36,168.08,159.41,167.86,251582.55758
957,ETH/USDT,2020-01-26,167.91,172.56,165.22,170.08,365894.81917
958,ETH/USDT,2020-01-27,170.04,176.2,170.03,175.64,473433.89609
959,ETH/USDT,2020-01-28,175.58,178.45,173.33,173.72,317382.90161
960,ETH/USDT,2020-01-29,173.68,187.0,170.93,184.69,477721.6609
961,ETH/USDT,2020-01-30,184.71,185.82,175.22,179.99,385596.53365
962,ETH/USDT,2020-01-31,179.94,184.28,179.23,183.6,259370.12902
963,ETH/USDT,2020-02-01,183.63,193.43,179.1,188.44,552621.13619
964,ETH/USDT,2020-02-02,188.48,195.19,186.62,189.69,417175.95781
965,ETH/USDT,2020-02-03,189.74,191.6,184.69,188.91,366389.69686
966,ETH/USDT,2020-02-04,188.91,207.61,188.19,203.78,550942.11417
967,ETH/USDT,2020-02-05,203.78,216.33,201.02,213.19,608240.2233
968,ETH/USDT,2020-02-06,213.16,225.0,213.14,223.33,629361.15466
969,ETH/USDT,2020-02-07,223.36,227.75,213.22,223.05,548551.87465
970,ETH/USDT,2020-02-08,223.01,230.65,222.86,228.49,350336.24399
971,ETH/USDT,2020-02-09,228.53,229.4,216.37,222.89,510415.49949
972,ETH/USDT,2020-02-10,222.89,239.15,218.17,236.69,595576.90276
973,ETH/USDT,2020-02-11,236.69,275.34,236.69,265.74,1038073.74782
974,ETH/USDT,2020-02-12,265.74,277.69,256.08,268.32,1089679.1537
975,ETH/USDT,2020-02-13,268.34,287.15,260.28,285.15,734944.32266
976,ETH/USDT,2020-02-14,285.11,288.41,261.86,264.88,860813.14274
977,ETH/USDT,2020-02-15,264.91,274.0,237.41,258.85,1110118.46395
978,ETH/USDT,2020-02-16,258.89,268.77,242.0,267.85,1110371.39094
979,ETH/USDT,2020-02-17,267.9,285.88,258.0,282.61,1115523.43992
980,ETH/USDT,2020-02-18,282.64,285.0,251.56,258.45,705973.72988
981,ETH/USDT,2020-02-19,258.44,264.33,245.34,256.96,972969.71691
982,ETH/USDT,2020-02-20,256.97,268.24,253.61,265.27,525827.8734
983,ETH/USDT,2020-02-21,265.32,266.81,256.0,261.57,313062.52133
984,ETH/USDT,2020-02-22,261.55,275.68,261.02,274.48,444740.82883
985,ETH/USDT,2020-02-23,274.5,277.2,257.09,265.52,696591.72983
986,ETH/USDT,2020-02-24,265.47,266.22,244.44,246.67,774791.01027
987,ETH/USDT,2020-02-25,246.67,250.32,215.66,223.93,1395879.41507
988,ETH/USDT,2020-02-26,223.98,238.3,210.0,227.79,1273793.11658
989,ETH/USDT,2020-02-27,227.73,234.67,214.01,226.76,1054994.92397
990,ETH/USDT,2020-02-28,226.76,233.0,217.0,217.21,546866.6851
991,ETH/USDT,2020-02-29,217.29,227.89,212.36,217.81,715016.01941
992,ETH/USDT,2020-03-01,217.81,234.4,216.07,231.97,810051.4833
993,ETH/USDT,2020-03-02,232.1,232.46,219.57,223.91,741498.54825
994,ETH/USDT,2020-03-03,223.84,228.85,220.23,224.26,443780.33772
995,ETH/USDT,2020-03-04,224.26,234.09,224.23,228.38,601479.87587
996,ETH/USDT,2020-03-05,228.38,245.16,227.33,244.88,628147.3257
997,ETH/USDT,2020-03-06,244.93,251.93,236.0,237.23,633748.89662
998,ETH/USDT,2020-03-07,237.23,237.23,195.5,199.43,1278973.53741
999,ETH/USDT,2020-03-08,199.43,207.47,196.12,199.12,392285.7287
1000,XRP/USDT,2018-10-26,0.46657,0.4681,0.4576,0.46012,35912703.0
1001,XRP/USDT,2018-10-27,0.4601,0.46695,0.458,0.46472,36212879.3
1002,XRP/USDT,2018-10-28,0.46483,0.46516,0.4343,0.44506,48934076.3
1003,XRP/USDT,2018-10-29,0.44554,0.455,0.444,0.44749,28201734.6
1004,XRP/USDT,2018-10-30,0.44734,0.46097,0.4375,0.45418,34928585.5
1005,XRP/USDT,2018-10-31,0.45418,0.462,0.4485,0.46141,28279669.6
1006,XRP/USDT,2018-11-01,0.46137,0.46899,0.45901,0.463,35704076.7
1007,XRP/USDT,2018-11-02,0.46281,0.46449,0.45433,0.45713,28318009.2
1008,XRP/USDT,2018-11-03,0.45706,0.47959,0.44955,0.46999,50696119.7
1009,XRP/USDT,2018-11-04,0.46999,0.50644,0.461,0.5022,76939385.1
1010,XRP/USDT,2018-11-05,0.5022,0.56878,0.50053,0.55523,165152551.2
1011,XRP/USDT,2018-11-06,0.5546,0.5555,0.52751,0.5409,83021151.0
1012,XRP/USDT,2018-11-07,0.5409,0.5468,0.492,0.49694,91511954.5
1013,XRP/USDT,2018-11-08,0.49713,0.5227,0.496,0.5044,61996751.7
1014,XRP/USDT,2018-11-09,0.50463,0.51748,0.5027,0.50956,33178374.5
1015,XRP/USDT,2018-11-10,0.50941,0.51233,0.49764,0.51019,28362231.8
1016,XRP/USDT,2018-11-11,0.51018,0.53499,0.50521,0.5245,51147716.5
1017,XRP/USDT,2018-11-12,0.52403,0.53464,0.51111,0.51736,66199009.7
1018,XRP/USDT,2018-11-13,0.51817,0.52012,0.422,0.4846,158164446.3
1019,XRP/USDT,2018-11-14,0.48461,0.4947,0.4311,0.48931,176221131.0
1020,XRP/USDT,2018-11-15,0.48931,0.49568,0.46382,0.47765,114883969.7
1021,XRP/USDT,2018-11-16,0.47805,0.505,0.46939,0.49813,95437797.3
1022,XRP/USDT,2018-11-17,0.49815,0.532,0.49537,0.51611,133560299.2
1023,XRP/USDT,2018-11-18,0.51608,0.51695,0.4645,0.4825,245733373.5
1024,XRP/USDT,2018-11-19,0.48235,0.50865,0.4095,0.44285,325286452.6
1025,XRP/USDT,2018-11-20,0.44285,0.46947,0.41933,0.45367,189645261.1
1026,XRP/USDT,2018-11-21,0.45345,0.45785,0.424,0.42831,91671173.8
1027,XRP/USDT,2018-11-22,0.42766,0.44376,0.39674,0.41447,161040318.2
1028,XRP/USDT,2018-11-23,0.41461,0.42878,0.37001,0.37982,160389596.0
1029,XRP/USDT,2018-11-24,0.37977,0.39639,0.32802,0.382,322162714.6
1030,XRP/USDT,2018-11-25,0.38186,0.39999,0.34625,0.36354,267557884.2
1031,XRP/USDT,2018-11-26,0.3634,0.376,0.34634,0.365,149919921.1
1032,XRP/USDT,2018-11-27,0.36476,0.40319,0.36476,0.39203,157732401.0
1033,XRP/USDT,2018-11-28,0.3922,0.395,0.37072,0.38149,106959084.6
1034,XRP/USDT,2018-11-29,0.38148,0.38331,0.355,0.36466,82213339.6
1035,XRP/USDT,2018-11-30,0.36492,0.379,0.35617,0.37205,58583664.8
1036,XRP/USDT,2018-12-01,0.372,0.3799,0.366,0.36963,43193884.2
1037,XRP/USDT,2018-12-02,0.36974,0.371,0.34553,0.34827,57538980.4
1038,XRP/USDT,2018-12-03,0.34827,0.36255,0.33913,0.35231,59867337.7
1039,XRP/USDT,2018-12-04,0.35235,0.361,0.338,0.3395,56281559.4
1040,XRP/USDT,2018-12-05,0.33906,0.3455,0.30671,0.30919,83574815.0
1041,XRP/USDT,2018-12-06,0.30959,0.312,0.2865,0.30114,128448766.2
1042,XRP/USDT,2018-12-07,0.30114,0.325,0.29117,0.30247,91555422.9
1043,XRP/USDT,2018-12-08,0.30247,0.31965,0.2983,0.30914,63609809.9
1044,XRP/USDT,2018-12-09,0.30944,0.31377,0.29424,0.29956,59077810.9
1045,XRP/USDT,2018-12-10,0.2995,0.31,0.29396,0.29904,52196740.0
1046,XRP/USDT,2018-12-11,0.29905,0.31064,0.2971,0.30463,48158835.8
1047,XRP/USDT,2018-12-12,0.30463,0.30569,0.29558,0.29934,42978785.0
1048,XRP/USDT,2018-12-13,0.29916,0.3008,0.28312,0.28816,47556494.8
1049,XRP/USDT,2018-12-14,0.28803,0.29149,0.2805,0.28422,38261672.5
1050,XRP/USDT,2018-12-15,0.28421,0.2954,0.28312,0.28669,43951184.1
1051,XRP/USDT,2018-12-16,0.28669,0.337,0.285,0.32721,129250477.5
1052,XRP/USDT,2018-12-17,0.32721,0.3498,0.32149,0.34979,166459905.1
1053,XRP/USDT,2018-12-18,0.34979,0.39265,0.34165,0.34468,238920130.5
1054,XRP/USDT,2018-12-19,0.34468,0.38368,0.339,0.37228,190801771.6
1055,XRP/USDT,2018-12-20,0.37228,0.383,0.34584,0.35428,141255512.3
1056,XRP/USDT,2018-12-21,0.35405,0.36,0.34383,0.35644,68501560.8
1057,XRP/USDT,2018-12-22,0.35645,0.37784,0.35407,0.3669,83342114.3
1058,XRP/USDT,2018-12-23,0.36691,0.45,0.36665,0.40092,308763465.2
1059,XRP/USDT,2018-12-24,0.40075,0.40399,0.36,0.37598,190479475.6
1060,XRP/USDT,2018-12-25,0.37599,0.38942,0.35327,0.37253,115977475.4
1061,XRP/USDT,2018-12-26,0.37298,0.375,0.325,0.33368,113118482.1
1062,XRP/USDT,2018-12-27,0.3337,0.37559,0.32823,0.36997,133220344.3
1063,XRP/USDT,2018-12-28,0.37017,0.37913,0.35103,0.35593,105406488.5
1064,XRP/USDT,2018-12-29,0.35622,0.36578,0.3508,0.36489,66395531.2
1065,XRP/USDT,2018-12-30,0.36488,0.36932,0.3435,0.34849,70308054.1
1066,XRP/USDT,2018-12-31,0.34864,0.36111,0.34533,0.3608,41061397.6
1067,XRP/USDT,2019-01-01,0.36057,0.3745,0.3535,0.36882,74162520.5
1068,XRP/USDT,2019-01-02,0.3686,0.3691,0.34778,0.3524,61459149.9
1069,XRP/USDT,2019-01-03,0.35255,0.358,0.34385,0.35308,51976479.9
1070,XRP/USDT,2019-01-04,0.35303,0.35981,0.345,0.34851,53463920.9
1071,XRP/USDT,2019-01-05,0.34851,0.36446,0.34542,0.36042,63015691.4
1072,XRP/USDT,2019-01-06,0.36042,0.37218,0.35701,0.36022,70715569.0
1073,XRP/USDT,2019-01-07,0.36015,0.36796,0.3545,0.36073,67790037.4
1074,XRP/USDT,2019-01-08,0.36073,0.36919,0.35775,0.3648,67288168.8
1075,XRP/USDT,2019-01-09,0.36479,0.37963,0.315,0.32464,182432057.4
1076,XRP/USDT,2019-01-10,0.32464,0.33418,0.31559,0.3258,74955650.2
1077,XRP/USDT,2019-01-11,0.3258,0.32977,0.32071,0.32557,38674176.1
1078,XRP/USDT,2019-01-12,0.32554,0.32953,0.30796,0.31132,56198037.6
1079,XRP/USDT,2019-01-13,0.31139,0.33593,0.31115,0.32871,65175057.4
1080,XRP/USDT,2019-01-14,0.3286,0.33176,0.31606,0.3215,54164499.2
1081,XRP/USDT,2019-01-15,0.32154,0.33196,0.3201,0.3257,48151576.2
1082,XRP/USDT,2019-01-16,0.3258,0.3284,0.31926,0.32489,46482575.6
1083,XRP/USDT,2019-01-17,0.32468,0.32548,0.3161,0.32036,31990322.9
1084,XRP/USDT,2019-01-18,0.32042,0.3325,0.31927,0.3267,43414969.4
1085,XRP/USDT,2019-01-19,0.32672,0.32861,0.31089,0.3168,40593702.6
1086,XRP/USDT,2019-01-20,0.31697,0.32163,0.3127,0.31767,29721620.1
1087,XRP/USDT,2019-01-21,0.31766,0.3202,0.30611,0.31762,51740083.2
1088,XRP/USDT,2019-01-22,0.31762,0.31933,0.312,0.31415,37351681.3
1089,XRP/USDT,2019-01-23,0.31422,0.31795,0.31255,0.31593,27176617.3
1090,XRP/USDT,2019-01-24,0.31584,0.31698,0.31,0.31384,23989294.4
1091,XRP/USDT,2019-01-25,0.314,0.31887,0.3119,0.31258,27927773.9
1092,XRP/USDT,2019-01-26,0.3126,0.31409,0.30272,0.30646,40448660.6
1093,XRP/USDT,2019-01-27,0.30653,0.30767,0.28089,0.29223,86788557.0
1094,XRP/USDT,2019-01-28,0.29223,0.294,0.28126,0.28693,46228128.9
1095,XRP/USDT,2019-01-29,0.28694,0.32646,0.28447,0.32109,135161854.0
1096,XRP/USDT,2019-01-30,0.32118,0.3358,0.30349,0.30911,173326720.7
1097,XRP/USDT,2019-01-31,0.3092,0.31197,0.295,0.30624,87742017.5
1098,XRP/USDT,2019-02-01,0.30628,0.31377,0.30428,0.3103,44389361.1
1099,XRP/USDT,2019-02-02,0.31042,0.31215,0.289,0.30219,55823769.6
1100,XRP/USDT,2019-02-03,0.30204,0.30566,0.29736,0.29939,44235957.5
1101,XRP/USDT,2019-02-04,0.29932,0.30225,0.29642,0.29972,53121022.0
1102,XRP/USDT,2019-02-05,0.29972,0.30101,0.28809,0.2894,60630230.6
1103,XRP/USDT,2019-02-06,0.28934,0.29469,0.28913,0.29145,32936661.6
1104,XRP/USDT,2019-02-07,0.29146,0.32129,0.28908,0.31205,93896197.0
1105,XRP/USDT,2019-02-08,0.31195,0.3164,0.30719,0.31215,65169202.2
1106,XRP/USDT,2019-02-09,0.31218,0.31286,0.29829,0.30988,65487258.0
1107,XRP/USDT,2019-02-10,0.30985,0.3103,0.30136,0.30255,41900510.2
1108,XRP/USDT,2019-02-11,0.30243,0.30842,0.29625,0.30514,50915657.1
1109,XRP/USDT,2019-02-12,0.3051,0.31373,0.30113,0.30382,54722420.4
1110,XRP/USDT,2019-02-13,0.30387,0.30556,0.29975,0.30081,38757408.1
1111,XRP/USDT,2019-02-14,0.30082,0.30646,0.296,0.30194,35931398.3
1112,XRP/USDT,2019-02-15,0.30195,0.30408,0.2997,0.30077,31126221.9
1113,XRP/USDT,2019-02-16,0.30084,0.308,0.29849,0.30318,49930873.1
1114,XRP/USDT,2019-02-17,0.3031,0.32862,0.30177,0.32194,172763975.2
1115,XRP/USDT,2019-02-18,0.32188,0.34777,0.31807,0.32238,198102626.4
1116,XRP/USDT,2019-02-19,0.3225,0.33476,0.3166,0.3315,103063793.8
1117,XRP/USDT,2019-02-20,0.33139,0.33297,0.31688,0.3207,74728496.6
1118,XRP/USDT,2019-02-21,0.32064,0.32333,0.31352,0.32105,47070036.8
1119,XRP/USDT,2019-02-22,0.32102,0.33395,0.31753,0.33201,65573265.4
1120,XRP/USDT,2019-02-23,0.33201,0.34345,0.29371,0.29757,168785982.4
1121,XRP/USDT,2019-02-24,0.29757,0.33975,0.29672,0.32731,198793053.8
1122,XRP/USDT,2019-02-25,0.3274,0.33502,0.31334,0.31658,156768298.4
1123,XRP/USDT,2019-02-26,0.31663,0.31874,0.30076,0.31067,86042683.7
1124,XRP/USDT,2019-02-27,0.31054,0.31771,0.30602,0.3139,82235972.7
1125,XRP/USDT,2019-02-28,0.31386,0.32354,0.31146,0.31564,82928007.7
1126,XRP/USDT,2019-03-01,0.31565,0.31819,0.30993,0.31382,49884108.0
1127,XRP/USDT,2019-03-02,0.31389,0.31542,0.308,0.31114,35107981.0
1128,XRP/USDT,2019-03-03,0.31115,0.31222,0.29728,0.30207,54554165.3
1129,XRP/USDT,2019-03-04,0.30197,0.31787,0.3008,0.31471,65812161.6
1130,XRP/USDT,2019-03-05,0.31473,0.32186,0.3095,0.31629,69108469.9
1131,XRP/USDT,2019-03-06,0.31628,0.31936,0.3124,0.31311,51060315.9
1132,XRP/USDT,2019-03-07,0.31324,0.316,0.305,0.30775,52311973.0
1133,XRP/USDT,2019-03-08,0.3078,0.319,0.3068,0.31389,60052162.0
1134,XRP/USDT,2019-03-09,0.31395,0.31705,0.30905,0.31289,43024192.8
1135,XRP/USDT,2019-03-10,0.31279,0.315,0.30658,0.30992,51679569.6
1136,XRP/USDT,2019-03-11,0.30991,0.31204,0.30766,0.31031,34008792.9
1137,XRP/USDT,2019-03-12,0.3103,0.32555,0.30733,0.31332,78566025.5
1138,XRP/USDT,2019-03-13,0.31345,0.31654,0.30585,0.31131,54311189.1
1139,XRP/USDT,2019-03-14,0.31131,0.31678,0.3107,0.31473,40022943.7
1140,XRP/USDT,2019-03-15,0.31485,0.323,0.31465,0.31868,59414487.2
1141,XRP/USDT,2019-03-16,0.31866,0.31892,0.314,0.3154,33510613.2
1142,XRP/USDT,2019-03-17,0.31546,0.32,0.31135,0.31452,46830749.7
1143,XRP/USDT,2019-03-18,0.31451,0.3166,0.3125,0.31594,37937661.9
1144,XRP/USDT,2019-03-19,0.31581,0.32275,0.3115,0.31779,61071284.0
1145,XRP/USDT,2019-03-20,0.3178,0.31915,0.29,0.30965,68244170.4
1146,XRP/USDT,2019-03-21,0.30965,0.31262,0.30642,0.31041,40997646.8
1147,XRP/USDT,2019-03-22,0.31041,0.31264,0.30883,0.31182,35555914.1
1148,XRP/USDT,2019-03-23,0.31174,0.31186,0.30471,0.30787,34884060.5
1149,XRP/USDT,2019-03-24,0.30792,0.308,0.3,0.3031,47533457.4
1150,XRP/USDT,2019-03-25,0.30296,0.30384,0.294,0.30302,45108158.9
1151,XRP/USDT,2019-03-26,0.303,0.31097,0.30055,0.31012,55385680.1
1152,XRP/USDT,2019-03-27,0.30986,0.31012,0.30418,0.30604,33354763.4
1153,XRP/USDT,2019-03-28,0.30603,0.31042,0.30475,0.30774,52565413.4
1154,XRP/USDT,2019-03-29,0.30775,0.31834,0.30687,0.31107,66842364.5
1155,XRP/USDT,2019-03-30,0.31092,0.31168,0.30718,0.30889,31804560.0
1156,XRP/USDT,2019-03-31,0.30889,0.31455,0.30739,0.31248,43573420.6
1157,XRP/USDT,2019-04-01,0.31249,0.35571,0.3115,0.3505,254825056.8
1158,XRP/USDT,2019-04-02,0.3505,0.3705,0.32354,0.34022,317885933.0
1159,XRP/USDT,2019-04-03,0.34022,0.34669,0.325,0.32996,142045982.4
1160,XRP/USDT,2019-04-04,0.32996,0.37999,0.32994,0.3613,277642035.5
1161,XRP/USDT,2019-04-05,0.36118,0.36224,0.3461,0.35264,127333234.4
1162,XRP/USDT,2019-04-06,0.35267,0.367,0.35041,0.3612,110132996.9
1163,XRP/USDT,2019-04-07,0.36149,0.37012,0.34365,0.35568,128130260.7
1164,XRP/USDT,2019-04-08,0.35558,0.35574,0.34385,0.34732,68738132.8
1165,XRP/USDT,2019-04-09,0.34728,0.3578,0.34608,0.35345,75219953.7
1166,XRP/USDT,2019-04-10,0.3535,0.35377,0.3191,0.32705,141965465.9
1167,XRP/USDT,2019-04-11,0.3271,0.3282,0.31391,0.32325,72144027.4
1168,XRP/USDT,2019-04-12,0.32314,0.3359,0.31936,0.32458,67170066.4
1169,XRP/USDT,2019-04-13,0.32459,0.33,0.32121,0.32762,36641180.9
1170,XRP/USDT,2019-04-14,0.32761,0.33184,0.31311,0.31905,60520268.3
1171,XRP/USDT,2019-04-15,0.31889,0.325,0.31541,0.32379,43657398.1
1172,XRP/USDT,2019-04-16,0.324,0.341,0.319,0.33436,104205590.3
1173,XRP/USDT,2019-04-17,0.33435,0.34671,0.33116,0.33533,89265139.5
1174,XRP/USDT,2019-04-18,0.33525,0.33537,0.32606,0.32999,56599475.8
1175,XRP/USDT,2019-04-19,0.33008,0.33241,0.321,0.32668,50641661.9
1176,XRP/USDT,2019-04-20,0.32673,0.32815,0.31356,0.31963,56724369.4
1177,XRP/USDT,2019-04-21,0.31972,0.3306,0.31624,0.32252,66794738.7
1178,XRP/USDT,2019-04-22,0.32232,0.32647,0.31684,0.31807,54953934.0
1179,XRP/USDT,2019-04-23,0.31802,0.31989,0.2888,0.29963,117021557.4
1180,XRP/USDT,2019-04-24,0.29971,0.30581,0.28455,0.29161,89489236.1
1181,XRP/USDT,2019-04-25,0.29162,0.30491,0.28839,0.3035,72046167.9
1182,XRP/USDT,2019-04-26,0.3034,0.30499,0.2975,0.29928,32921334.6
1183,XRP/USDT,2019-04-27,0.29942,0.30278,0.29535,0.29946,27792665.6
1184,XRP/USDT,2019-04-28,0.29948,0.30161,0.28959,0.29323,40369249.3
1185,XRP/USDT,2019-04-29,0.29313,0.31249,0.29154,0.3087,79732128.9
1186,XRP/USDT,2019-04-30,0.30855,0.31,0.29992,0.30304,48514885.7
1187,XRP/USDT,2019-05-01,0.30313,0.30478,0.30072,0.30205,33326988.7
1188,XRP/USDT,2019-05-02,0.30206,0.31053,0.3003,0.30784,69197287.9
1189,XRP/USDT,2019-05-03,0.30792,0.31856,0.29634,0.30305,66819936.9
1190,XRP/USDT,2019-05-04,0.30293,0.305,0.29892,0.30044,30103928.8
1191,XRP/USDT,2019-05-05,0.30044,0.30751,0.29479,0.30283,51001442.8
1192,XRP/USDT,2019-05-06,0.30284,0.30726,0.29712,0.29819,57173886.2
1193,XRP/USDT,2019-05-07,0.29843,0.30275,0.29567,0.29958,34177808.2
1194,XRP/USDT,2019-05-08,0.29957,0.30198,0.29195,0.29488,43626389.8
1195,XRP/USDT,2019-05-09,0.29475,0.30198,0.29061,0.29881,49685072.4
1196,XRP/USDT,2019-05-10,0.29877,0.3372,0.29801,0.31724,191745220.0
1197,XRP/USDT,2019-05-11,0.31703,0.32992,0.30233,0.31016,142010500.4
1198,XRP/USDT,2019-05-12,0.31014,0.329,0.30785,0.32409,135144821.2
1199,XRP/USDT,2019-05-13,0.32385,0.4362,0.32199,0.409,602192165.3
1200,XRP/USDT,2019-05-14,0.409,0.467,0.40737,0.45734,281029374.4
1201,XRP/USDT,2019-05-15,0.45723,0.479,0.39334,0.41876,456302195.7
1202,XRP/USDT,2019-05-16,0.41891,0.42394,0.3585,0.38862,348570589.6
1203,XRP/USDT,2019-05-17,0.38858,0.39598,0.3634,0.37183,147757619.6
1204,XRP/USDT,2019-05-18,0.37178,0.42796,0.37,0.41631,242837597.6
1205,XRP/USDT,2019-05-19,0.41612,0.41647,0.37812,0.39636,186638980.5
1206,XRP/USDT,2019-05-20,0.39629,0.40738,0.3853,0.39524,136551127.7
1207,XRP/USDT,2019-05-21,0.39515,0.4111,0.366,0.37183,163758384.8
1208,XRP/USDT,2019-05-22,0.37171,0.38269,0.36091,0.37956,123020941.9
1209,XRP/USDT,2019-05-23,0.37989,0.39375,0.36982,0.38286,128350309.9
1210,XRP/USDT,2019-05-24,0.38286,0.393,0.37941,0.3852,74444217.1
1211,XRP/USDT,2019-05-25,0.38526,0.41368,0.373,0.40372,96380922.0
1212,XRP/USDT,2019-05-26,0.40364,0.44645,0.399,0.43331,198385219.3
1213,XRP/USDT,2019-05-27,0.4334,0.4611,0.4176,0.44877,245797208.7
1214,XRP/USDT,2019-05-28,0.44863,0.45701,0.42,0.44307,205712650.4
1215,XRP/USDT,2019-05-29,0.44286,0.4735,0.401,0.41789,347536093.1
1216,XRP/USDT,2019-05-30,0.41809,0.4408,0.40614,0.43851,193230057.5
1217,XRP/USDT,2019-05-31,0.43849,0.44169,0.41664,0.42894,113888226.1
1218,XRP/USDT,2019-06-01,0.42856,0.44695,0.42735,0.44396,102419845.2
1219,XRP/USDT,2019-06-02,0.44396,0.465,0.417,0.41731,235501937.2
1220,XRP/USDT,2019-06-03,0.41739,0.41934,0.3836,0.39878,220369532.7
1221,XRP/USDT,2019-06-04,0.3989,0.40597,0.3871,0.4001,129307000.7
1222,XRP/USDT,2019-06-05,0.39997,0.427,0.39024,0.41937,187115409.8
1223,XRP/USDT,2019-06-06,0.41935,0.43003,0.41389,0.41886,121225704.2
1224,XRP/USDT,2019-06-07,0.41871,0.42222,0.4021,0.40699,77326412.3
1225,XRP/USDT,2019-06-08,0.40699,0.41043,0.37,0.38527,117296911.4
1226,XRP/USDT,2019-06-09,0.38528,0.40346,0.37985,0.3999,111675278.5
1227,XRP/USDT,2019-06-10,0.39985,0.40195,0.38175,0.39192,75361808.1
1228,XRP/USDT,2019-06-11,0.39209,0.402,0.38726,0.40074,80803548.9
1229,XRP/USDT,2019-06-12,0.40075,0.40804,0.3942,0.39876,76971683.5
1230,XRP/USDT,2019-06-13,0.39872,0.40364,0.39025,0.40201,70743211.6
1231,XRP/USDT,2019-06-14,0.40201,0.41213,0.40052,0.4095,144441080.7
1232,XRP/USDT,2019-06-15,0.40949,0.44098,0.40583,0.42703,179818739.9
1233,XRP/USDT,2019-06-16,0.42701,0.46311,0.42181,0.44705,310680509.3
1234,XRP/USDT,2019-06-17,0.44705,0.45499,0.41963,0.42694,247437564.9
1235,XRP/USDT,2019-06-18,0.42697,0.43852,0.42369,0.43406,95631659.5
1236,XRP/USDT,2019-06-19,0.43426,0.43592,0.4198,0.42995,91377053.5
1237,XRP/USDT,2019-06-20,0.42986,0.45,0.42925,0.4425,115252934.3
1238,XRP/USDT,2019-06-21,0.44262,0.50999,0.43752,0.47729,348224018.7
1239,XRP/USDT,2019-06-22,0.47714,0.49298,0.465,0.47015,162392192.9
1240,XRP/USDT,2019-06-23,0.47015,0.47585,0.45,0.47385,116373926.2
1241,XRP/USDT,2019-06-24,0.47391,0.47654,0.455,0.46809,156717428.9
1242,XRP/USDT,2019-06-25,0.46809,0.4968,0.453,0.46805,287100067.5
1243,XRP/USDT,2019-06-26,0.46773,0.47176,0.3951,0.41049,300234945.9
1244,XRP/USDT,2019-06-27,0.41061,0.4272,0.40582,0.4261,139943710.4
1245,XRP/USDT,2019-06-28,0.426,0.43,0.40392,0.4262,128452215.5
1246,XRP/USDT,2019-06-29,0.42597,0.42859,0.3954,0.3962,118288754.1
1247,XRP/USDT,2019-06-30,0.39637,0.42298,0.38804,0.40691,135870243.9
1248,XRP/USDT,2019-07-01,0.40694,0.41125,0.38386,0.39794,105939905.9
1249,XRP/USDT,2019-07-02,0.39787,0.40666,0.3934,0.40456,78793554.4
1250,XRP/USDT,2019-07-03,0.40458,0.4052,0.385,0.38723,71298699.9
1251,XRP/USDT,2019-07-04,0.38722,0.38825,0.37325,0.37881,71395559.6
1252,XRP/USDT,2019-07-05,0.3787,0.4099,0.37826,0.39031,94972192.3
1253,XRP/USDT,2019-07-06,0.39031,0.4007,0.38683,0.39651,65893195.7
1254,XRP/USDT,2019-07-07,0.39651,0.403,0.39114,0.40073,68579169.6
1255,XRP/USDT,2019-07-08,0.40072,0.40725,0.38875,0.39362,84918198.9
1256,XRP/USDT,2019-07-09,0.39361,0.39646,0.34502,0.36154,140899188.0
1257,XRP/USDT,2019-07-10,0.36141,0.36285,0.31574,0.32875,168118356.8
1258,XRP/USDT,2019-07-11,0.32888,0.34988,0.31968,0.34336,126888778.0
1259,XRP/USDT,2019-07-12,0.34336,0.34439,0.32359,0.33206,86057978.8
1260,XRP/USDT,2019-07-13,0.33214,0.33549,0.2992,0.30366,132780312.2
1261,XRP/USDT,2019-07-14,0.30366,0.32376,0.29474,0.31287,160631099.6
1262,XRP/USDT,2019-07-15,0.31287,0.32032,0.286,0.29543,162767430.3
1263,XRP/USDT,2019-07-16,0.29545,0.32365,0.29264,0.31032,159617507.6
1264,XRP/USDT,2019-07-17,0.31032,0.327,0.30257,0.32035,129902403.6
1265,XRP/USDT,2019-07-18,0.32035,0.32215,0.30959,0.3188,68682413.2
1266,XRP/USDT,2019-07-19,0.3187,0.34094,0.31818,0.33279,84000903.4
1267,XRP/USDT,2019-07-20,0.33269,0.33501,0.32053,0.33075,64040258.2
1268,XRP/USDT,2019-07-21,0.33059,0.33259,0.3157,0.32111,64393272.5
1269,XRP/USDT,2019-07-22,0.32135,0.32135,0.30572,0.30891,63905860.1
1270,XRP/USDT,2019-07-23,0.30877,0.31905,0.30251,0.31548,67739907.8
1271,XRP/USDT,2019-07-24,0.31547,0.323,0.31117,0.31335,54892791.7
1272,XRP/USDT,2019-07-25,0.31332,0.32514,0.307,0.32303,55029583.8
1273,XRP/USDT,2019-07-26,0.32303,0.32621,0.3054,0.30965,64056737.5
1274,XRP/USDT,2019-07-27,0.30966,0.31478,0.3,0.31218,42792457.7
1275,XRP/USDT,2019-07-28,0.31217,0.31478,0.306,0.31004,39176999.0
1276,XRP/USDT,2019-07-29,0.31004,0.32213,0.30665,0.31823,52340164.1
1277,XRP/USDT,2019-07-30,0.31811,0.32348,0.3151,0.31959,48948448.5
1278,XRP/USDT,2019-07-31,0.3195,0.3199,0.3114,0.31575,46026847.5
1279,XRP/USDT,2019-08-01,0.31554,0.31785,0.30836,0.31178,43108296.3
1280,XRP/USDT,2019-08-02,0.3117,0.31747,0.31091,0.31596,39924755.2
1281,XRP/USDT,2019-08-03,0.31595,0.32298,0.31181,0.31813,52990179.1
1282,XRP/USDT,2019-08-04,0.31823,0.331,0.31798,0.32242,86161482.0
1283,XRP/USDT,2019-08-05,0.32232,0.32421,0.308,0.3116,73359257.9
1284,XRP/USDT,2019-08-06,0.3116,0.31688,0.30694,0.31109,60660819.0
1285,XRP/USDT,2019-08-07,0.31093,0.31204,0.30452,0.30825,57294619.1
1286,XRP/USDT,2019-08-08,0.30823,0.30921,0.2901,0.29649,57778056.4
1287,XRP/USDT,2019-08-09,0.2965,0.30562,0.29237,0.29918,58253124.0
1288,XRP/USDT,2019-08-10,0.29907,0.30605,0.29501,0.30316,36131805.2
1289,XRP/USDT,2019-08-11,0.30316,0.30536,0.298,0.3006,26440605.7
1290,XRP/USDT,2019-08-12,0.3006,0.30129,0.29295,0.298,32483448.9
1291,XRP/USDT,2019-08-13,0.29795,0.29864,0.243,0.26353,142518597.1
1292,XRP/USDT,2019-08-14,0.26346,0.2707,0.25875,0.26378,72594115.1
1293,XRP/USDT,2019-08-15,0.26392,0.26526,0.25395,0.26047,66289982.6
1294,XRP/USDT,2019-08-16,0.26029,0.26953,0.25648,0.26546,56461024.9
1295,XRP/USDT,2019-08-17,0.26535,0.2919,0.26353,0.2832,87006862.6
1296,XRP/USDT,2019-08-18,0.28321,0.29035,0.27558,0.28202,69411983.5
1297,XRP/USDT,2019-08-19,0.28195,0.28234,0.2696,0.27432,49280235.2
1298,XRP/USDT,2019-08-20,0.27432,0.27448,0.25871,0.26589,60607962.3
1299,XRP/USDT,2019-08-21,0.26589,0.27419,0.26028,0.27039,58263968.5
1300,XRP/USDT,2019-08-22,0.27038,0.27815,0.26727,0.27664,45140229.6
1301,XRP/USDT,2019-08-23,0.27663,0.27726,0.2637,0.27137,42809616.8
1302,XRP/USDT,2019-08-24,0.27149,0.27602,0.26597,0.26954,45191941.2
1303,XRP/USDT,2019-08-25,0.26961,0.27969,0.26704,0.27051,59046898.9
1304,XRP/USDT,2019-08-26,0.27051,0.27065,0.26513,0.26954,34119040.9
1305,XRP/USDT,2019-08-27,0.26955,0.26974,0.24765,0.25629,55448237.7
1306,XRP/USDT,2019-08-28,0.25614,0.26264,0.247,0.25698,74454641.4
1307,XRP/USDT,2019-08-29,0.25712,0.2576,0.25199,0.25539,46587713.0
1308,XRP/USDT,2019-08-30,0.25541,0.26047,0.25288,0.25747,36321425.5
1309,XRP/USDT,2019-08-31,0.25747,0.25891,0.25,0.25593,32881805.2
1310,XRP/USDT,2019-09-01,0.25596,0.26428,0.25295,0.2606,60783394.6
1311,XRP/USDT,2019-09-02,0.2606,0.267,0.25751,0.26242,56305107.1
1312,XRP/USDT,2019-09-03,0.26252,0.26299,0.25598,0.25843,49398294.2
1313,XRP/USDT,2019-09-04,0.25843,0.25937,0.25337,0.25617,43270120.3
1314,XRP/USDT,2019-09-05,0.25616,0.25868,0.24692,0.2511,63377736.5
1315,XRP/USDT,2019-09-06,0.25115,0.26285,0.25009,0.25993,53971229.0
1316,XRP/USDT,2019-09-07,0.25989,0.26591,0.2555,0.26205,65033003.6
1317,XRP/USDT,2019-09-08,0.26205,0.26423,0.25634,0.25855,58537945.7
1318,XRP/USDT,2019-09-09,0.25869,0.26371,0.2535,0.25859,61643971.4
1319,XRP/USDT,2019-09-10,0.25855,0.26092,0.251,0.25519,56043242.1
1320,XRP/USDT,2019-09-11,0.25515,0.25686,0.25087,0.25406,58547444.6
1321,XRP/USDT,2019-09-12,0.25404,0.256,0.25132,0.2552,47599708.2
1322,XRP/USDT,2019-09-13,0.25536,0.26551,0.25389,0.26124,70537163.6
1323,XRP/USDT,2019-09-14,0.26125,0.26419,0.25386,0.26022,51661196.3
1324,XRP/USDT,2019-09-15,0.26015,0.263,0.25664,0.26098,44531031.7
1325,XRP/USDT,2019-09-16,0.26103,0.2985,0.25944,0.28561,217381018.1
1326,XRP/USDT,2019-09-17,0.28553,0.32631,0.28493,0.31344,300972127.9
1327,XRP/USDT,2019-09-18,0.31344,0.31345,0.28208,0.30062,277316439.7
1328,XRP/USDT,2019-09-19,0.30064,0.30159,0.2835,0.2936,159272561.6
1329,XRP/USDT,2019-09-20,0.2936,0.298,0.28625,0.28961,113934352.2
1330,XRP/USDT,2019-09-21,0.28964,0.28982,0.2686,0.27653,117475940.3
1331,XRP/USDT,2019-09-22,0.27656,0.28666,0.26601,0.26786,154408602.2
1332,XRP/USDT,2019-09-23,0.26787,0.27317,0.21333,0.23282,302577184.1
1333,XRP/USDT,2019-09-24,0.23282,0.24953,0.23132,0.2457,169757552.3
1334,XRP/USDT,2019-09-25,0.24567,0.25,0.22775,0.2422,125772838.7
1335,XRP/USDT,2019-09-26,0.2423,0.248,0.23296,0.24208,89138447.6
1336,XRP/USDT,2019-09-27,0.24209,0.24433,0.238,0.24163,45238244.9
1337,XRP/USDT,2019-09-28,0.24165,0.24261,0.23427,0.24024,43877272.4
1338,XRP/USDT,2019-09-29,0.24024,0.26192,0.2354,0.2566,156913857.0
1339,XRP/USDT,2019-09-30,0.25659,0.261,0.24441,0.24788,125393526.7
1340,XRP/USDT,2019-10-01,0.24787,0.25481,0.24421,0.25247,97406245.2
1341,XRP/USDT,2019-10-02,0.25248,0.25305,0.24159,0.24674,71409676.9
1342,XRP/USDT,2019-10-03,0.24687,0.25664,0.2445,0.25243,90663663.4
1343,XRP/USDT,2019-10-04,0.2525,0.2566,0.24671,0.25325,82519531.3
1344,XRP/USDT,2019-10-05,0.25325,0.25634,0.2506,0.25552,63421400.1
1345,XRP/USDT,2019-10-06,0.25551,0.28114,0.25333,0.27592,210990372.8
1346,XRP/USDT,2019-10-07,0.27584,0.28548,0.27062,0.2774,121934629.7
1347,XRP/USDT,2019-10-08,0.2774,0.28693,0.27358,0.28082,105865868.2
1348,XRP/USDT,2019-10-09,0.28089,0.28168,0.26455,0.27021,80850590.7
1349,XRP/USDT,2019-10-10,0.27021,0.27485,0.26431,0.26743,71539111.7
1350,XRP/USDT,2019-10-11,0.26741,0.27729,0.26712,0.27226,57869923.4
1351,XRP/USDT,2019-10-12,0.27232,0.28138,0.27109,0.27726,70808721.8
1352,XRP/USDT,2019-10-13,0.27729,0.29779,0.27641,0.29727,151725088.0
1353,XRP/USDT,2019-10-14,0.29722,0.299,0.283,0.28859,147821843.4
1354,XRP/USDT,2019-10-15,0.28859,0.29219,0.27858,0.28331,109182836.2
1355,XRP/USDT,2019-10-16,0.28334,0.3038,0.27969,0.30167,147918252.3
1356,XRP/USDT,2019-10-17,0.30166,0.30207,0.28433,0.29404,133405177.2
1357,XRP/USDT,2019-10-18,0.29404,0.29952,0.287,0.29145,103575426.6
1358,XRP/USDT,2019-10-19,0.29144,0.29615,0.28091,0.29386,111491956.5
1359,XRP/USDT,2019-10-20,0.29393,0.2942,0.28826,0.29187,71906227.9
1360,XRP/USDT,2019-10-21,0.29186,0.30278,0.28862,0.29046,102870808.0
1361,XRP/USDT,2019-10-22,0.29041,0.29127,0.25005,0.27306,187716543.6
1362,XRP/USDT,2019-10-23,0.27307,0.28,0.26629,0.27596,99386341.1
1363,XRP/USDT,2019-10-24,0.27597,0.3081,0.2742,0.29829,199230614.5
1364,XRP/USDT,2019-10-25,0.29839,0.312,0.284,0.29351,270708034.1
1365,XRP/USDT,2019-10-26,0.29351,0.30213,0.28901,0.29818,180544647.9
1366,XRP/USDT,2019-10-27,0.29825,0.3051,0.29309,0.29447,134306597.1
1367,XRP/USDT,2019-10-28,0.29443,0.30972,0.29416,0.30192,145791308.2
1368,XRP/USDT,2019-10-29,0.30192,0.30636,0.29016,0.29471,117887579.1
1369,XRP/USDT,2019-10-30,0.29471,0.29874,0.28777,0.29452,100846140.4
1370,XRP/USDT,2019-10-31,0.29459,0.2946,0.28448,0.29146,85376671.8
1371,XRP/USDT,2019-11-01,0.29148,0.2975,0.29112,0.29456,72552309.1
1372,XRP/USDT,2019-11-02,0.29456,0.29614,0.28855,0.29024,69064994.6
1373,XRP/USDT,2019-11-03,0.29024,0.2999,0.2891,0.29863,85410877.0
1374,XRP/USDT,2019-11-04,0.29863,0.30443,0.29416,0.30061,107569775.1
1375,XRP/USDT,2019-11-05,0.30062,0.31367,0.2961,0.31009,107581885.7
1376,XRP/USDT,2019-11-06,0.31016,0.3149,0.27503,0.29061,235871367.3
1377,XRP/USDT,2019-11-07,0.29068,0.291,0.27023,0.27547,165657651.6
1378,XRP/USDT,2019-11-08,0.27546,0.28156,0.2745,0.2799,62848374.8
1379,XRP/USDT,2019-11-09,0.2799,0.284,0.27658,0.27894,72586430.6
1380,XRP/USDT,2019-11-10,0.27899,0.28106,0.26935,0.27423,69450589.5
1381,XRP/USDT,2019-11-11,0.27423,0.27641,0.2676,0.27222,77851651.4
1382,XRP/USDT,2019-11-12,0.27224,0.27563,0.27013,0.27202,52680673.1
1383,XRP/USDT,2019-11-13,0.27207,0.27294,0.26354,0.26795,72326033.6
1384,XRP/USDT,2019-11-14,0.26795,0.26952,0.25303,0.26069,111865363.4
1385,XRP/USDT,2019-11-15,0.2607,0.26444,0.25911,0.26218,52279882.0
1386,XRP/USDT,2019-11-16,0.2622,0.266,0.25891,0.26311,52073288.4
1387,XRP/USDT,2019-11-17,0.26316,0.26318,0.2411,0.25179,99156396.1
1388,XRP/USDT,2019-11-18,0.25174,0.25654,0.243,0.25398,87899568.3
1389,XRP/USDT,2019-11-19,0.25398,0.25861,0.24809,0.25014,78924129.3
1390,XRP/USDT,2019-11-20,0.25022,0.25349,0.23613,0.24345,113065484.5
1391,XRP/USDT,2019-11-21,0.24345,0.2459,0.22122,0.23,176993164.6
1392,XRP/USDT,2019-11-22,0.23004,0.23541,0.22526,0.23407,86883225.5
1393,XRP/USDT,2019-11-23,0.23409,0.23466,0.21829,0.21989,95589320.7
1394,XRP/USDT,2019-11-24,0.22011,0.225,0.20013,0.21731,227026861.8
1395,XRP/USDT,2019-11-25,0.2173,0.2219,0.21327,0.2206,87574733.7
1396,XRP/USDT,2019-11-26,0.22054,0.2295,0.21259,0.224,119843833.4
1397,XRP/USDT,2019-11-27,0.22408,0.22946,0.22246,0.22313,58823779.6
1398,XRP/USDT,2019-11-28,0.22312,0.23229,0.22245,0.22998,59986942.5
1399,XRP/USDT,2019-11-29,0.22997,0.23192,0.22354,0.2255,48634883.0
1400,XRP/USDT,2019-11-30,0.22549,0.2255,0.2186,0.22477,61721844.7
1401,XRP/USDT,2019-12-01,0.22471,0.22623,0.21731,0.21914,65856138.9
1402,XRP/USDT,2019-12-02,0.21904,0.22182,0.2178,0.21951,34655745.6
1403,XRP/USDT,2019-12-03,0.2195,0.22491,0.20952,0.2139,110743259.9
1404,XRP/USDT,2019-12-04,0.21398,0.2262,0.212,0.22118,93382862.7
1405,XRP/USDT,2019-12-05,0.22118,0.2268,0.2191,0.22546,72738701.2
1406,XRP/USDT,2019-12-06,0.22554,0.228,0.22281,0.22699,46945345.8
1407,XRP/USDT,2019-12-07,0.22702,0.232,0.2237,0.22909,54256414.2
1408,XRP/USDT,2019-12-08,0.22913,0.23083,0.22113,0.22445,53369564.5
1409,XRP/USDT,2019-12-09,0.22435,0.2256,0.21894,0.22256,44719099.9
1410,XRP/USDT,2019-12-10,0.22256,0.22365,0.21973,0.22093,26282978.3
1411,XRP/USDT,2019-12-11,0.22103,0.22322,0.2164,0.21837,49354032.6
1412,XRP/USDT,2019-12-12,0.21837,0.22074,0.21537,0.22054,51935733.1
1413,XRP/USDT,2019-12-13,0.22055,0.22086,0.21463,0.21605,31455442.1
1414,XRP/USDT,2019-12-14,0.21605,0.21939,0.21463,0.21735,26223163.5
1415,XRP/USDT,2019-12-15,0.21735,0.21747,0.202,0.2055,86445966.4
1416,XRP/USDT,2019-12-16,0.20547,0.20568,0.17754,0.1831,262505370.5
1417,XRP/USDT,2019-12-17,0.1831,0.2,0.175,0.19573,208259366.7
1418,XRP/USDT,2019-12-18,0.19573,0.19706,0.18447,0.1878,89497528.3
1419,XRP/USDT,2019-12-19,0.1878,0.19787,0.18369,0.19521,142835629.8
1420,XRP/USDT,2019-12-20,0.19508,0.19617,0.18993,0.19143,57760061.0
1421,XRP/USDT,2019-12-21,0.19134,0.19665,0.19045,0.19649,53300985.1
1422,XRP/USDT,2019-12-22,0.1965,0.19974,0.18809,0.18953,94859486.6
1423,XRP/USDT,2019-12-23,0.18958,0.19413,0.18745,0.19077,66325389.4
1424,XRP/USDT,2019-12-24,0.19069,0.19137,0.18633,0.18852,39672557.2
1425,XRP/USDT,2019-12-25,0.18864,0.1941,0.18722,0.18923,46612594.5
1426,XRP/USDT,2019-12-26,0.18924,0.19015,0.1848,0.19003,34971243.8
1427,XRP/USDT,2019-12-27,0.19003,0.19469,0.18969,0.1932,36743672.9
1428,XRP/USDT,2019-12-28,0.19321,0.1985,0.1908,0.19653,49069370.3
1429,XRP/USDT,2019-12-29,0.19651,0.1979,0.19206,0.19326,41924910.4
1430,XRP/USDT,2019-12-30,0.19327,0.19422,0.18988,0.19295,40610029.3
1431,XRP/USDT,2019-12-31,0.19285,0.19526,0.19219,0.19305,29773022.6
1432,XRP/USDT,2020-01-01,0.19304,0.19304,0.18508,0.1875,47912105.6
1433,XRP/USDT,2020-01-02,0.1875,0.19395,0.1845,0.19338,70390779.3
1434,XRP/USDT,2020-01-03,0.19331,0.19363,0.19119,0.19305,34239655.4
1435,XRP/USDT,2020-01-04,0.19305,0.19722,0.19288,0.19453,54356477.7
1436,XRP/USDT,2020-01-05,0.19453,0.22396,0.19421,0.2231,234157239.2
1437,XRP/USDT,2020-01-06,0.2231,0.2255,0.20702,0.21335,206449580.6
1438,XRP/USDT,2020-01-07,0.21334,0.21836,0.20311,0.2075,148861801.3
1439,XRP/USDT,2020-01-08,0.2075,0.20877,0.20126,0.20373,75492140.5
1440,XRP/USDT,2020-01-09,0.20375,0.21318,0.20023,0.21284,145223181.5
1441,XRP/USDT,2020-01-10,0.21277,0.21994,0.20852,0.21121,119237732.2
1442,XRP/USDT,2020-01-11,0.21121,0.21713,0.20941,0.21539,70711714.4
1443,XRP/USDT,2020-01-12,0.21536,0.2156,0.2096,0.21134,50959156.8
1444,XRP/USDT,2020-01-13,0.21134,0.24526,0.21134,0.23464,301142541.5
1445,XRP/USDT,2020-01-14,0.23455,0.24356,0.2263,0.23367,237606461.8
1446,XRP/USDT,2020-01-15,0.23367,0.23501,0.2223,0.229,140095581.9
1447,XRP/USDT,2020-01-16,0.22899,0.24453,0.22659,0.23921,214368960.7
1448,XRP/USDT,2020-01-17,0.23922,0.25456,0.23183,0.24357,206939203.8
1449,XRP/USDT,2020-01-18,0.24357,0.25175,0.227,0.23558,180887717.9
1450,XRP/USDT,2020-01-19,0.23554,0.23672,0.22415,0.23314,115112776.4
1451,XRP/USDT,2020-01-20,0.23314,0.242,0.23,0.23726,111913129.9
1452,XRP/USDT,2020-01-21,0.23738,0.23996,0.23213,0.23733,84725853.4
1453,XRP/USDT,2020-01-22,0.23733,0.23746,0.22123,0.22586,105762250.0
1454,XRP/USDT,2020-01-23,0.22584,0.2263,0.21378,0.22222,121855078.5
1455,XRP/USDT,2020-01-24,0.22219,0.22271,0.21662,0.21946,56806347.0
1456,XRP/USDT,2020-01-25,0.21946,0.23276,0.218,0.23131,79796120.0
1457,XRP/USDT,2020-01-26,0.23121,0.23393,0.2263,0.23077,102966534.5
1458,XRP/USDT,2020-01-27,0.23078,0.24162,0.23077,0.23906,157599522.5
1459,XRP/USDT,2020-01-28,0.23912,0.24197,0.23425,0.23539,114643264.7
1460,XRP/USDT,2020-01-29,0.23538,0.24669,0.23056,0.24376,162144624.0
1461,XRP/USDT,2020-01-30,0.24376,0.24486,0.2335,0.23946,122494224.8
1462,XRP/USDT,2020-01-31,0.23947,0.24304,0.23684,0.24141,78963550.6
1463,XRP/USDT,2020-02-01,0.24146,0.26163,0.2355,0.25093,220101966.8
1464,XRP/USDT,2020-02-02,0.25094,0.2595,0.24678,0.25453,168166882.1
1465,XRP/USDT,2020-02-03,0.25447,0.271,0.24752,0.26737,273001224.9
1466,XRP/USDT,2020-02-04,0.26742,0.2824,0.26737,0.27774,309852829.8
1467,XRP/USDT,2020-02-05,0.27782,0.28856,0.26778,0.28325,274932947.3
1468,XRP/USDT,2020-02-06,0.28325,0.28832,0.27766,0.27953,158743853.5
1469,XRP/USDT,2020-02-07,0.27951,0.28223,0.2636,0.27735,164832911.1
1470,XRP/USDT,2020-02-08,0.27731,0.28924,0.27622,0.28257,151863434.1
1471,XRP/USDT,2020-02-09,0.28255,0.28322,0.2673,0.27338,142780388.9
1472,XRP/USDT,2020-02-10,0.27342,0.2835,0.26738,0.281,150202084.8
1473,XRP/USDT,2020-02-11,0.28092,0.309,0.28091,0.30427,358543825.1
1474,XRP/USDT,2020-02-12,0.30427,0.34,0.3,0.32709,684720941.9
1475,XRP/USDT,2020-02-13,0.32718,0.33942,0.3104,0.33594,348251076.6
1476,XRP/USDT,2020-02-14,0.33585,0.34676,0.2955,0.30729,397053085.5
1477,XRP/USDT,2020-02-15,0.30729,0.31892,0.27,0.29224,381819181.7
1478,XRP/USDT,2020-02-16,0.29248,0.29511,0.26821,0.28736,354803561.0
1479,XRP/USDT,2020-02-17,0.28741,0.30273,0.27474,0.29827,296854594.3
1480,XRP/USDT,2020-02-18,0.29834,0.30777,0.27007,0.27466,219950638.9
1481,XRP/USDT,2020-02-19,0.27466,0.28168,0.26109,0.2709,270623144.6
1482,XRP/USDT,2020-02-20,0.27094,0.27898,0.2678,0.27418,175945123.9
1483,XRP/USDT,2020-02-21,0.27424,0.2785,0.27,0.27468,107040364.2
1484,XRP/USDT,2020-02-22,0.27462,0.28467,0.27462,0.28298,134020545.9
1485,XRP/USDT,2020-02-23,0.28298,0.28425,0.26401,0.2704,184354129.7
1486,XRP/USDT,2020-02-24,0.2703,0.271,0.251,0.25209,209531989.3
1487,XRP/USDT,2020-02-25,0.25218,0.25512,0.22271,0.22915,366105232.9
1488,XRP/USDT,2020-02-26,0.22917,0.24722,0.22363,0.2385,250168249.9
1489,XRP/USDT,2020-02-27,0.23854,0.244,0.2285,0.23663,190843431.7
1490,XRP/USDT,2020-02-28,0.23658,0.24244,0.2287,0.22892,104602134.2
1491,XRP/USDT,2020-02-29,0.22897,0.23607,0.22428,0.22696,125219316.2
1492,XRP/USDT,2020-03-01,0.22699,0.24149,0.22582,0.23958,138299654.6
1493,XRP/USDT,2020-03-02,0.23968,0.2397,0.22942,0.23428,130633902.5
1494,XRP/USDT,2020-03-03,0.23433,0.23839,0.23,0.23453,92570643.5
1495,XRP/USDT,2020-03-04,0.23449,0.2432,0.23449,0.23909,130944711.9
1496,XRP/USDT,2020-03-05,0.23907,0.24629,0.23804,0.24477,116563269.6
1497,XRP/USDT,2020-03-06,0.24475,0.245,0.235,0.23622,95845464.2
1498,XRP/USDT,2020-03-07,0.23624,0.23624,0.2,0.20385,271417418.6
1499,XRP/USDT,2020-03-08,0.20387,0.21071,0.20267,0.20423,77181959.6
